goodsId,name,publisher,price,detailUrl,gameOs,cid,pid,systemCid,sceneId,totalFiveStarGenerals,sTactics,seasonStartDays,experiencedSeasons,specialOrangeEquipment,recruitmentCurrent,recruitmentTarget,transferStatus,wantedCount,publishedAgo,detailScrapeStatus,detailError,detailHeroCount,detailUniqueHeroCount,importantHeroMatchedCount,sp曹操,sp貂蝉,sp卢植,sp关羽,sp法正,马岱,刘备,sp马超,sp皇甫嵩,许攸,sp荀彧,sp郭嘉,贾诩,荀攸,孙尚香,孙权,凌统,周泰,sp周瑜,陆逊,sp吕蒙,sp诸葛亮,关兴,张苞,诸葛亮,sp袁绍,沮授,sp朱儁,庞统,姜维,关羽,关银屏,张飞,sp黄月英,司马懿,曹操,满宠,张角,左慈,于吉,张辽,郭嘉,王元姬,诸葛恪
商品ID,商品标题,卖家,价格,商品链接,游戏系统,类目ID,父类目ID,系统类目ID,场景ID,橙色武将数量,S战法数量,赛季开始时间,经历赛季,特技橙装数量,求贤当前值,求贤目标值,转区状态,想要人数,发布时间,详情采集状态,详情采集错误,武将记录数,去重武将数,重要武将命中数,sp曹操,sp貂蝉,sp卢植,sp关羽,sp法正,马岱,刘备,sp马超,sp皇甫嵩,许攸,sp荀彧,sp郭嘉,贾诩,荀攸,孙尚香,孙权,凌统,周泰,sp周瑜,陆逊,sp吕蒙,sp诸葛亮,关兴,张苞,诸葛亮,sp袁绍,沮授,sp朱儁,庞统,姜维,关羽,关银屏,张飞,sp黄月英,司马懿,曹操,满宠,张角,左慈,于吉,张辽,郭嘉,王元姬,诸葛恪
1780646453699602,1956服 PK25042 赛季开始59天,PK25042|1956服 殚诚毕虑,58000,https://www.jiaoyimao.com/jg1009207/1780646453699602.html?isGray=true,安卓,1844430,1844418,1583289698165007,750,1240,130,59,29,102,1549,3300,可跨区转服,38,,success,,159,127,58,典藏5红,动态5红,0红,典藏5红,典藏5红,典藏1红,5红,典藏5红,动态5红,动态5红,典藏动态5红,典藏5红,动态5红,5红,典藏5红,5红,典藏5红,典藏5红,5红,动态5红,典藏5红,典藏5红,典藏5红,典藏5红,动态5红,典藏5红,5红,典藏5红,动态5红,典藏5红,典藏5红,典藏5红,典藏5红,典藏5红,典藏5红,典藏4红,典藏5红,典藏5红,5红,5红,典藏5红,典藏5红,4红,典藏5红
1780545264493955,4570服 PK25143 赛季开始24天,PK25143|4570服 回春妙手,76666,https://www.jiaoyimao.com/jg1009207/1780545264493955.html?isGray=true,安卓,1844430,1844418,1583289698165007,750,1155,126,24,27,89,2138,3300,可跨区转服,29,,success,,142,110,59,典藏5红,典藏4红,2红,典藏5红,典藏5红,典藏5红,5红,典藏5红,动态5红,4红,典藏5红,典藏5红,动态5红,3红,典藏5红,5红,典藏5红,典藏5红,典藏5红,动态5红,典藏5红,典藏5红,典藏5红,典藏5红,5红,典藏5红,5红,典藏5红,动态5红,典藏5红,典藏5红,典藏5红,典藏5红,0红,典藏5红,典藏5红,典藏5红,典藏5红,动态5红,5红,典藏5红,典藏5红,3红,典藏5红
1780848861839522,2255服 PK25157 赛季开始17天,PK25157|2255服 精彩绝伦,53000,https://www.jiaoyimao.com/jg1009207/1780848861839522.html?isGray=true,安卓,1844430,1844418,1583289698165007,750,1557,128,17,28,88,1901,3300,54天后可跨区转服,6,,success,,222,174,63,0红,典藏1红,典藏1红,典藏5红,典藏5红,典藏5红,5红,典藏5红,典藏5红,动态3红,典藏5红,典藏5红,动态5红,5红,典藏5红,5红,典藏5红,动态5红,典藏5红,动态5红,典藏5红,动态5红,典藏5红,动态5红,动态5红,典藏5红,动态5红,典藏5红,动态5红,典藏5红,典藏5红,典藏动态5红,典藏5红,典藏5红,典藏5红,典藏1红,动态5红,动态5红,动态4红,5红,典藏5红,典藏5红,动态5红,典藏5红
1780622131588691,725服 PK25010 赛季开始59天,PK25010|725服 万马奔腾,16400,https://www.jiaoyimao.com/jg1009207/1780622131588691.html?isGray=true,安卓,1844430,1844418,1583289221280506,750,1050,121,59,27,101,2581,3000,15天后可跨区转服,,,success,,266,159,59,0,0,0,典藏3红,动态1红,0红,4红,典藏4红,典藏5红,动态1红,典藏5红,典藏5红,动态3红,0红,典藏4红,4红,典藏5红,5红,典藏4红,动态2红,典藏5红,典藏2红,典藏5红,典藏5红,2红,典藏5红,动态5红,典藏5红,1红,典藏2红,典藏5红,动态5红,典藏5红,典藏0红,典藏2红,典藏1红,典藏4红,动态5红,动态5红,3红,0红,典藏5红,5红,典藏5红
1779013152463535,5551服 PK25104 赛季开始37天,PK25104|5551服 秉德清贞,400,https://www.jiaoyimao.com/jg1009207/1779013152463535.html?isGray=true,安卓,1844430,1844418,1583289221280506,750,160,47,37,6,21,187,2100,可跨区转服,9,,success,,65,42,17,0,0红,0,0,0,0,0,0,0,4红,0,0,0,1红,0,0红,典藏1红,1红,0,0红,0,0,0红,0,0,0,0,0红,0,0,0红,2红,典藏0红,0,0红,0,0,动态2红,1红,0红,0,0,0,0红
1779001210309251,5046服 PK19283 赛季开始45天,PK19283|5046服 鼎鼎有名,600,https://www.jiaoyimao.com/jg1009207/1779001210309251.html?isGray=true,安卓,1844430,1844418,1583289221280506,750,259,38,45,9,21,1981,2100,可跨区转服,1,,success,,64,57,26,0,0,0,0,0红,典藏0红,1红,典藏0红,0,0红,典藏0红,0,0,0,0红,0红,0红,1红,0红,0,0红,0红,2红,3红,0红,0,0,0,0,动态2红,典藏3红,典藏1红,4红,0,2红,1红,0红,典藏3红,1红,0红,0,0,0,0
1779006448085283,五周年19服 PK25115 赛季开始31天,PK25115|五周年19服 大汉天下,1000,https://www.jiaoyimao.com/jg1009207/1779006448085283.html?isGray=true,安卓,1844430,1844418,1583289221280506,750,324,90,31,10,37,384,2400,131天后可跨区转服,4,,success,,115,85,35,0,典藏0红,0红,0红,0红,典藏1红,0红,1红,0,0红,0,0,0红,1红,0,0,0红,1红,0,0,3红,0红,0,3红,1红,2红,3红,典藏0红,0红,0红,0红,0红,2红,0红,2红,0红,1红,2红,2红,0红,0,0红,0,0
1779033522705413,5413服 PK25117 赛季开始31天,PK25117|5413服 握瑜怀玉,500,https://www.jiaoyimao.com/jg1009207/1779033522705413.html?isGray=true,安卓,1844430,1844418,1583289221280506,750,234,60,31,8,11,255,2100,141天后可跨区转服,,,success,,121,90,21,0,0红,0,0,0,0红,0红,0,0,0红,0,1红,0,0红,1红,1红,0,0,0,0,0,0,0,0,0红,0红,0红,0,0,0红,0,0,2红,0,0红,1红,0红,1红,0红,0红,0,0红,0红,0
1780672450137838,4288服 PK25145 赛季开始24天,PK25145|4288服 利时及物,688,https://www.jiaoyimao.com/jg1009207/1780672450137838.html?isGray=true,安卓,1844430,1844418,1583289698165007,750,411,74,24,17,44,1372,2400,可跨区转服,,,success,,170,108,35,0,0,0,0,0红,0,0红,0,0,0,0红,0红,0红,0红,1红,0,0红,0红,0红,0,0红,0,0红,1红,3红,动态0红,动态2红,动态1红,0红,动态3红,0,0红,0红,0,动态0红,0红,典藏4红,动态5红,动态3红,动态3红,0,2红,2红,典藏0红
1779013805877324,争霸357服||上海 PK25073 赛季开始52天,PK25073|争霸357服||上海,800,https://www.jiaoyimao.com/jg1009207/1779013805877324.html?isGray=true,安卓,1844430,1844418,1583289698165007,750,172,35,52,4,14,1465,1800,35天后可跨区转服,,,success,,115,79,17,0红,0,0,0,0,0,0红,0,0,0,0,0,0,0,0红,0,0,典藏0红,0,0,0,0,0,0,0红,2红,0红,0,1红,1红,0红,1红,1红,0,1红,0,0,0,0红,0红,0,0红,1红,0
1778988894107424,五周年19服 PK25114 赛季开始31天,PK25114|五周年19服 大汉天下,11777,https://www.jiaoyimao.com/jg1009207/1778988894107424.html?isGray=true,安卓,1844430,1844418,1583289698165007,750,800,103,31,7,58,2049,2400,可跨区转服,16,,success,,258,161,46,0,0,典藏0红,5红,典藏1红,3红,5红,0,0,动态5红,0红,0红,动态4红,5红,0红,0,0,典藏5红,2红,动态4红,典藏2红,1红,典藏3红,5红,1红,5红,5红,典藏5红,动态4红,动态4红,5红,动态3红,5红,0红,动态5红,典藏3红,动态3红,1红,动态3红,0红,0红,2红,3红,0
1779010716562773,蛇年六服 PK25106 赛季开始37天,PK25106|蛇年六服 瑞蛇兆丰,300,https://www.jiaoyimao.com/jg1009207/1779010716562773.html?isGray=true,安卓,1844430,1844418,1583289221280506,750,233,53,37,6,5,508,2100,134天后可跨区转服,,,success,,129,88,22,0,0,0,0红,0红,0,0红,0,0,0红,0,0,2红,1红,0红,0,1红,0红,0红,2红,0红,0,0红,1红,0,0,3红,0,0,0,0红,0红,0红,0,0,0,0,0红,0,0,2红,1红,1红,0
1780670042727448,2544服 PK25173 赛季开始17天,PK25173|2544服 推诚相见,19000,https://www.jiaoyimao.com/jg1009207/1780670042727448.html?isGray=true,安卓,1844430,1844418,1583289698165007,750,804,113,17,20,93,1035,3000,可跨区转服,,,success,,254,140,48,典藏0红,0红,0,动态4红,0红,0,0红,典藏5红,典藏2红,动态0红,典藏5红,动态2红,0红,0红,典藏2红,0红,典藏4红,3红,0,2红,典藏2红,2红,2红,1红,2红,典藏动态5红,动态5红,典藏5红,1红,1红,1红,典藏4红,典藏5红,0,动态3红,1红,动态5红,动态5红,动态0红,动态3红,5红,1红,1红,典藏5红
1779016577430946,3003服 PK25178 赛季开始17天,PK25178|3003服 琼楼玉宇,3666,https://www.jiaoyimao.com/jg1009207/1779016577430946.html?isGray=true,安卓,1844430,1844418,1583289698165007,750,852,116,17,28,105,3045,2700,可跨区转服,9,,success,,233,150,45,0,0,0,动态4红,0红,0,1红,典藏1红,1红,动态2红,动态1红,1红,0红,0红,典藏0红,1红,3红,典藏5红,0红,0,典藏0红,2红,典藏5红,3红,3红,动态4红,5红,0,1红,3红,典藏5红,动态5红,典藏动态5红,0红,典藏3红,典藏2红,动态5红,动态3红,动态4红,0红,1红,5红,0,典藏4红
1779041467908232,5211服 PK25092 赛季开始45天,PK25092|5211服 百年奇表,1188,https://www.jiaoyimao.com/jg1009207/1779041467908232.html?isGray=true,安卓,1844430,1844418,1583289221280506,750,255,56,45,13,21,1684,2100,可跨区转服,8,,success,,89,69,25,0,0,0,0,0,0,0,动态3红,动态2红,动态1红,典藏2红,0红,0红,0红,0,0,1红,典藏1红,0红,0,0,1红,1红,1红,0,0红,0,0,0,典藏0红,0红,0红,3红,0,1红,1红,2红,0红,0,0红,0,0,0红,1红
1779647942391006,4270服 PK25126 赛季开始24天,PK25126|4270服 来鸿去燕,38888,https://www.jiaoyimao.com/jg1009207/1779647942391006.html?isGray=true,安卓,1844430,1844418,1583289698165007,750,1024,130,24,26,60,503,3300,可跨区转服,17,,success,,158,116,57,典藏3红,典藏1红,典藏0红,动态5红,动态5红,典藏2红,5红,典藏5红,典藏5红,动态5红,典藏5红,典藏5红,动态5红,0,典藏5红,0红,典藏5红,典藏5红,2红,动态5红,动态5红,典藏5红,典藏5红,典藏5红,动态5红,典藏5红,动态5红,动态5红,动态5红,典藏5红,典藏5红,典藏5红,4红,5红,典藏5红,典藏1红,典藏5红,4红,动态5红,0,典藏5红,典藏5红,2红,典藏5红
1780894002818497,4387服 PK25127 赛季开始24天,PK25127|4387服 巧言令色,38500,https://www.jiaoyimao.com/jg1009207/1780894002818497.html?isGray=true,安卓,1844430,1844418,1583289221280506,750,995,117,24,18,86,1678,3300,47天后可跨区转服,39,,success,,150,116,56,典藏1红,典藏2红,典藏1红,典藏动态5红,典藏5红,典藏1红,5红,典藏5红,典藏5红,动态5红,典藏5红,典藏5红,动态5红,0,典藏4红,1红,典藏1红,典藏5红,典藏5红,动态5红,典藏5红,典藏5红,典藏5红,典藏5红,4红,典藏5红,动态5红,典藏5红,4红,典藏5红,典藏5红,典藏5红,典藏5红,0,典藏5红,典藏5红,典藏5红,动态5红,5红,5红,典藏0红,典藏0红,4红,典藏5红
1780850154282348,2966服 PK25177 赛季开始17天,PK25177|2966服 满载而归,96800,https://www.jiaoyimao.com/jg1009207/1780850154282348.html?isGray=true,安卓,1844430,1844418,1583289698165007,750,1125,132,17,24,100,1405,3300,可跨区转服,68,,success,,187,122,55,典藏5红,典藏4红,典藏5红,典藏4红,典藏5红,典藏动态5红,5红,典藏5红,典藏动态5红,动态5红,典藏动态5红,典藏5红,2红,0,典藏4红,1红,典藏0红,典藏5红,典藏5红,5红,典藏5红,典藏5红,典藏5红,典藏5红,4红,典藏动态5红,5红,4红,动态2红,典藏5红,典藏5红,4红,4红,0,典藏5红,典藏1红,典藏动态5红,0红,4红,5红,典藏0红,典藏5红,0,典藏5红
1779709883398558,5436服 PK25119 赛季开始31天,PK25119|5436服 照萤映雪,46666,https://www.jiaoyimao.com/jg1009207/1779709883398558.html?isGray=true,安卓,1844430,1844418,1583289698165007,750,1212,109,31,10,74,1739,3000,62天后可跨区转服,96,,success,,242,177,63,0,典藏2红,典藏0红,典藏5红,典藏5红,典藏5红,5红,典藏5红,典藏5红,动态5红,典藏5红,典藏2红,动态5红,0红,典藏5红,0红,典藏5红,典藏5红,典藏5红,动态5红,典藏4红,典藏5红,典藏5红,典藏5红,5红,典藏2红,2红,典藏2红,动态5红,典藏5红,5红,典藏动态5红,典藏5红,典藏5红,典藏5红,5红,4红,5红,5红,5红,典藏5红,典藏5红,动态5红,5红
1779059750752028,5607服 PK25121 赛季开始31天,PK25121|5607服 虎超龙骧,88,https://www.jiaoyimao.com/jg1009207/1779059750752028.html?isGray=true,安卓,1844430,1844418,1583289698165007,750,160,44,31,7,13,1730,1800,可跨区转服,2,,success,,86,57,20,0,0,典藏0红,0,0,0,0,0,0,0,0,0,0,0,0红,0,0红,3红,0红,0,0红,0,0,0红,0红,0红,1红,0,0红,典藏0红,0,1红,0红,0,0,0红,0红,动态0红,1红,0,2红,0红,0,0
1779027471119313,4072服 PK25067 赛季开始52天,PK25067|4072服 旧地重游,2000,https://www.jiaoyimao.com/jg1009207/1779027471119313.html?isGray=true,安卓,1844430,1844418,1583289698165007,750,270,72,52,13,15,598,2400,可跨区转服,,,success,,105,71,23,0,0,0,0,0,0,0,0,0,0,0,0,0红,0红,典藏0红,0,0,0红,0红,0,0红,0,0红,0红,3红,0红,0,典藏2红,0红,0红,0红,0红,典藏5红,0,0,1红,1红,2红,1红,3红,典藏0红,典藏5红,0,0
1779023281147329,5097服 PK19283 赛季开始45天,PK19283|5097服 雍容大度,15617,https://www.jiaoyimao.com/jg1009207/1779023281147329.html?isGray=true,安卓,1844430,1844418,1583289698165007,750,699,89,45,14,65,356,2700,117天后可跨区转服,2,,success,,183,131,48,0,0红,0,典藏3红,1红,1红,0红,动态5红,动态5红,动态0红,典藏5红,典藏4红,1红,5红,0红,0,0,5红,5红,5红,典藏2红,5红,5红,典藏4红,3红,4红,5红,典藏3红,动态5红,动态4红,4红,典藏5红,2红,典藏0红,典藏1红,典藏0红,典藏5红,动态5红,动态5红,2红,典藏2红,典藏5红,5红,典藏5红
1779031490468541,5507服 PK25121 赛季开始31天,PK25121|5507服 红颜惑心,58,https://www.jiaoyimao.com/jg1009207/1779031490468541.html?isGray=true,安卓,1844430,1844418,1583289698165007,750,22,,31,6,,170,1800,可跨区转服,,,success,,22,15,0,0,0,0,0,0,0,0,0,0,0,0,0,0,0,0,0,0,0,0,0,0,0,0,0,0,0,0,0,0,0,0,0,0,0,0,0,0,0,0,0,0,0,0,0
1778985581536241,954服 PK25047 赛季开始59天,PK25047|954服 作壁上观,5000,https://www.jiaoyimao.com/jg1009207/1778985581536241.html?isGray=true,安卓,1844430,1844418,1583289698165007,750,668,79,59,23,59,2333,2400,可跨区转服,,,success,,204,133,42,0,0,0,0红,0红,0红,0红,动态3红,0红,动态1红,动态4红,0红,动态0红,1红,0,1红,1红,动态3红,3红,0,2红,3红,5红,典藏5红,0,动态4红,动态4红,动态0红,3红,2红,动态3红,典藏5红,动态5红,0红,0红,典藏0红,3红,1红,动态0红,0红,典藏0红,典藏5红,1红,0
1779013786318297,5818服 PK21304 赛季开始10天,PK21304|5818服 长安争霸,555,https://www.jiaoyimao.com/jg1009207/1779013786318297.html?isGray=true,安卓,1844430,1844418,1583289221280506,750,178,39,10,4,15,1686,1800,可跨区转服,3,,success,,122,80,18,0,0,0,0,0,0红,0红,0,0,0红,0,0红,0,0,0,0,0红,0,0红,1红,2红,0,0红,0红,0,0,1红,0,0,0红,0红,0红,2红,0,0,0,0,0,0红,0,0,0红,0,0红
1779095689109426,5259服 PK25093 赛季开始45天,PK25093|5259服 姑苏城外,8888,https://www.jiaoyimao.com/jg1009207/1779095689109426.html?isGray=true,安卓,1844430,1844418,1583289221280506,750,518,93,45,9,21,1237,2400,19天后可跨区转服,,,success,,170,113,38,0,0红,典藏0红,1红,1红,典藏0红,3红,动态1红,2红,5红,0红,典藏1红,0红,0,典藏1红,1红,0红,0红,0红,3红,0红,典藏3红,1红,2红,5红,0红,0,0,1红,0,0红,典藏2红,典藏4红,0,1红,2红,1红,3红,2红,1红,2红,1红,0,2红
1779005476997943,4038服 PK25067 赛季开始52天,PK25067|4038服 东箭南金,858,https://www.jiaoyimao.com/jg1009207/1779005476997943.html?isGray=true,安卓,1844430,1844418,1583289698165007,750,330,98,52,20,50,1250,2700,可跨区转服,22,,success,,70,45,27,0,典藏0红,0,动态2红,0红,典藏0红,1红,动态2红,典藏0红,2红,典藏3红,典藏1红,0红,0,0,0红,典藏1红,1红,0,0,0,0,0,0,0,0红,0,0,0红,0红,典藏1红,典藏1红,典藏5红,0红,典藏1红,典藏1红,典藏2红,0红,0,0,0,0,0,0
1779085576055884,6116服 PK25193 赛季开始10天,PK25193|6116服 桴鼓相应,200,https://www.jiaoyimao.com/jg1009207/1779085576055884.html?isGray=true,安卓,1844430,1844418,1583289221280506,750,88,26,10,2,3,704,1800,可跨区转服,,,success,,64,35,8,0,0,0红,0,0,0红,0,0,0,0红,0,0,0,0,0,0红,0,0,0,1红,0,0,0,0,0,0,0,0,0,0,0,0,0,0,0红,0红,0,0,0,0,0,0,0红,0
1779007022951039,五周年11服 PK25115 赛季开始31天,PK25115|五周年11服 云麓月落,6666,https://www.jiaoyimao.com/jg1009207/1779007022951039.html?isGray=true,安卓,1844430,1844418,1583289221280506,750,292,69,31,7,13,948,2100,可跨区转服,,,success,,121,94,27,0,0,0,0红,0,0红,2红,0,0,1红,0,0,0红,0,典藏2红,0红,典藏0红,0红,0红,0,0,0红,1红,0红,0红,0红,0红,0,0红,0,3红,0,1红,0,1红,0红,1红,0红,0,0红,0红,1红,0红,0
1779028817699667,曹操主题15服 S22066 赛季开始80天,S22066|曹操主题15服 架虹霓,100,https://www.jiaoyimao.com/jg1009207/1779028817699667.html?isGray=true,安卓,1844430,1844418,1583289698165007,750,83,22,80,1,2,642,1800,,1,,success,,55,34,9,0,0,0红,0,0,0,0,0,0,1红,0,0,0,1红,0,0,0,0,0,0红,0,0,0,0,0,0,0,0,0,0,0红,0,0红,0,0红,0,0,0,0红,0,0,0红,0,0
1779067211415580,5224服 PK25098 赛季开始45天,PK25098|5224服 幽赏未已,2255,https://www.jiaoyimao.com/jg1009207/1779067211415580.html?isGray=true,安卓,1844430,1844418,1583289221280506,750,377,91,45,12,34,798,2400,可跨区转服,77,,success,,115,86,38,0,典藏0红,0,4红,1红,0,0红,1红,0,0红,1红,0,0红,0,1红,0红,典藏1红,1红,典藏0红,2红,典藏1红,5红,典藏3红,典藏3红,0红,0红,1红,典藏0红,0红,0红,0,典藏4红,典藏5红,典藏0红,0红,0,1红,0红,2红,0红,0红,1红,0红,0
1780211076310677,5259服 PK25093 赛季开始45天,PK25093|5259服 姑苏城外,180000,https://www.jiaoyimao.com/jg1009207/1780211076310677.html?isGray=true,安卓,1844430,1844418,1583289698165007,750,1982,127,45,9,121,2762,3300,可跨区转服,51,,success,,347,240,71,典藏动态5红,典藏5红,动态5红,典藏5红,典藏5红,典藏动态5红,5红,典藏动态5红,动态5红,动态5红,典藏5红,典藏5红,动态5红,5红,典藏5红,3红,典藏5红,典藏5红,4红,动态5红,5红,典藏5红,典藏5红,典藏5红,动态5红,典藏5红,动态5红,典藏5红,动态4红,典藏动态5红,典藏4红,典藏5红,典藏5红,典藏5红,典藏5红,典藏5红,5红,典藏5红,5红,5红,典藏4红,典藏5红,动态5红,典藏动态5红
1781509559442136,6335服 赛季开始36天,6335服 钟鼎人家|6335服 钟鼎人家,100000,https://www.jiaoyimao.com/jg1009207/1781509559442136.html?isGray=true,安卓,1844430,1844418,1583289698165007,750,244,32,36,0,3,1178,1800,,,1小时前发布,success,,98,81,15,0,0,0红,0,0,0红,3红,0,0,0红,0,0,0,0,0,0红,0,0,0,0,0,0,0,0,5红,0,0,0,0,0,0红,0,5红,0,0,4红,0,0红,0红,0红,0,3红,0,0
1781512235157882,2810服 PK21298 赛季开始17天,PK21298|2810服 喜从天降,58600,https://www.jiaoyimao.com/jg1009207/1781512235157882.html?isGray=true,安卓,1844430,1844418,1583289698165007,750,769,123,17,22,64,630,3300,可跨区转服,,47分钟前发布,success,,154,113,43,典藏4红,典藏4红,典藏5红,典藏4红,典藏5红,0红,1红,典藏4红,典藏5红,3红,典藏3红,4红,动态2红,0,典藏0红,4红,典藏3红,典藏5红,动态3红,动态5红,典藏3红,3红,典藏5红,典藏5红,动态5红,3红,0,0,动态5红,动态5红,0红,0红,0红,0,0,典藏5红,动态0红,典藏0红,0,0,典藏5红,0,动态5红,典藏5红
1780058415306451,4931服 PK25128 赛季开始24天,PK25128|4931服 因利乘便,45700,https://www.jiaoyimao.com/jg1009207/1780058415306451.html?isGray=true,安卓,1844430,1844418,1583289221280506,750,1021,129,24,23,88,1899,3600,68天后可跨区转服,3,,success,,203,137,58,0红,典藏4红,0红,典藏5红,动态5红,典藏动态5红,5红,典藏5红,典藏动态5红,动态3红,典藏5红,典藏5红,动态5红,0,典藏5红,0,典藏5红,典藏5红,典藏1红,动态4红,0,典藏0红,0,动态0红,5红,典藏5红,动态5红,典藏5红,0,典藏5红,典藏4红,典藏5红,4红,5红,典藏5红,典藏5红,典藏5红,典藏0红,0红,0红,典藏5红,典藏5红,动态5红,典藏5红
1778985566343219,5414服 PK25114 赛季开始31天,PK25114|5414服 问安视膳,888,https://www.jiaoyimao.com/jg1009207/1778985566343219.html?isGray=true,安卓,1844430,1844418,1583289221280506,750,256,60,31,7,19,1027,2100,可跨区转服,,,success,,97,73,26,0,0,0,0,典藏0红,0红,0红,0红,0红,0红,1红,1红,0红,0红,1红,0,2红,0,0,0,0,0红,0红,0红,0红,0,1红,0,0红,0,0,1红,3红,0,0红,0红,0红,动态0红,动态0红,0红,0,0,0,0
1779012671853933,6342服 赛季开始32天,6342服 桂折兰摧|6342服 桂折兰摧,188,https://www.jiaoyimao.com/jg1009207/1779012671853933.html?isGray=true,安卓,1844430,1844418,1583289698165007,750,42,5,32,0,1,162,1800,,4,,success,,24,17,4,0,0,0,0,0,0红,0,0,0,0,0,0,0,0,0,0,0,0,0,0,0,0,0,0,0,0,0,0,0,0,0红,0,0,0,0,0,0,0,1红,0红,0,0,0,0
1779032553467527,3960服 PK25068 赛季开始52天,PK25068|3960服 以弱胜强,430,https://www.jiaoyimao.com/jg1009207/1779032553467527.html?isGray=true,安卓,1844430,1844418,1583289221280506,750,321,75,52,17,43,394,2400,可跨区转服,2,,success,,94,74,25,0,0,0红,典藏0红,0红,0,0红,0,0,0,典藏0红,典藏0红,0红,0,0红,0,0,典藏5红,0红,0,典藏1红,0,典藏0红,0红,0红,2红,0,0,0,典藏1红,0,0红,典藏5红,0,0,2红,0红,动态4红,0红,0,0,1红,0红,1红
1779020141390784,5045服 PK19284 赛季开始45天,PK19284|5045服 才高行厚,810,https://www.jiaoyimao.com/jg1009207/1779020141390784.html?isGray=true,安卓,1844430,1844418,1583289698165007,750,287,53,45,9,53,593,2100,可跨区转服,7,,success,,111,86,29,0红,0,0,0,0红,0,0红,0红,0红,1红,0红,0,0,0红,0,1红,0,0,0红,0红,0,0,典藏2红,典藏0红,0红,0红,1红,1红,0红,1红,0红,典藏0红,3红,0,0,0红,0,2红,0红,0红,0,2红,2红,0
1779049370581011,896服 PK21278 赛季开始59天,PK21278|896服 虎踞鲸吞,28888,https://www.jiaoyimao.com/jg1009207/1779049370581011.html?isGray=true,安卓,1844430,1844418,1583289221280506,750,1081,117,59,26,73,613,3300,可跨区转服,,,success,,281,183,63,0,0,0,动态5红,动态3红,典藏0红,5红,动态5红,动态2红,2红,典藏5红,典藏3红,3红,5红,典藏5红,5红,典藏2红,动态4红,动态5红,动态5红,典藏5红,典藏5红,典藏5红,典藏5红,动态5红,典藏动态5红,5红,典藏动态5红,动态5红,典藏5红,典藏5红,典藏5红,典藏5红,0红,典藏5红,5红,典藏5红,动态5红,2红,4红,典藏5红,典藏3红,5红,3红
1779024313290569,6226服 S22093 赛季开始31天,S22093|6226服 乐羊子妻,128,https://www.jiaoyimao.com/jg1009207/1779024313290569.html?isGray=true,安卓,1844430,1844418,1583289221280506,750,54,8,31,1,1,395,1800,,,,success,,29,24,6,0,0,0,0,0,0,2红,0,0,0红,0,0,0,0,0,0,0红,0,0,0,0,0,0,0,0红,0,0,0,0,0,0红,0,0,0,0,0,0,0,0,0,0,0红,0,0
1778986033486813,3587服 PK19274 赛季开始52天,PK19274|3587服 和衷共济,3000,https://www.jiaoyimao.com/jg1009207/1778986033486813.html?isGray=true,安卓,1844430,1844418,1583289221280506,750,584,98,52,27,44,2572,2700,118天后可跨区转服,8,,success,,115,84,31,0,0,0,0红,0,0红,0,0,0红,0红,0红,典藏0红,动态0红,0,动态4红,0,典藏5红,典藏5红,典藏5红,动态5红,0,0,0,0,0红,动态2红,动态5红,典藏3红,0红,典藏1红,典藏4红,动态3红,典藏5红,0,典藏0红,0红,1红,动态5红,动态4红,0红,典藏0红,0红,0,典藏2红
1780654137212483,4705服 PK25135 赛季开始24天,PK25135|4705服 恩德如山,3500,https://www.jiaoyimao.com/jg1009207/1780654137212483.html?isGray=true,安卓,1844430,1844418,1583289698165007,750,554,105,24,24,78,2532,2700,可跨区转服,18,,success,,99,74,33,0,0,0,0,典藏1红,0红,2红,0,0红,2红,典藏1红,1红,0红,0,典藏3红,0红,0红,典藏3红,0,0,典藏2红,典藏0红,典藏2红,4红,动态5红,典藏1红,0,0,动态5红,动态3红,3红,0红,典藏5红,0红,典藏3红,典藏4红,动态5红,典藏5红,2红,2红,0红,典藏3红,0,4红
1780561274603559,打金3服 S22098 赛季开始17天,S22098|打金3服 马上有钱,148,https://www.jiaoyimao.com/jg1009207/1780561274603559.html?isGray=true,安卓,1844430,1844418,1583289221280506,750,57,7,17,1,,395,1800,,,,success,,31,25,5,0,0,0,0,0,0,0红,0,0,0红,0,0,0,0,0红,0,0,0,0,0,0,0,0,0,0,0,0,0,0,0,0,0,1红,0,0,0,0,0,0,0,0,0红,0,0
1779033035842967,3946服 PK25058 赛季开始52天,PK25058|3946服 久旱甘露,8055,https://www.jiaoyimao.com/jg1009207/1779033035842967.html?isGray=true,安卓,1844430,1844418,1583289221280506,750,479,107,52,21,61,544,3000,可跨区转服,1,,success,,103,76,29,0,典藏0红,0,典藏2红,典藏0红,2红,4红,典藏3红,典藏2红,动态3红,3红,2红,动态4红,0红,动态5红,0,典藏5红,典藏5红,0,0,0,0,典藏0红,典藏0红,动态5红,0,0,典藏0红,动态5红,典藏4红,0,0,0红,0红,0,典藏1红,0,0,0,0,典藏0红,0,0红,典藏5红
1779028476881339,1838服 PK25028 赛季开始59天,PK25028|1838服 楼台林立,680,https://www.jiaoyimao.com/jg1009207/1779028476881339.html?isGray=true,安卓,1844430,1844418,1583289698165007,750,613,102,59,26,57,153,2700,94天后可跨区转服,11,,success,,182,111,26,0,0,0,0,0,0,0,典藏0红,0,0红,0红,0红,0,0,0红,0,1红,0,0红,0红,0,0红,2红,0,0,典藏5红,动态5红,动态0红,0红,0,典藏5红,5红,典藏4红,0,典藏0红,0红,4红,动态4红,1红,2红,0,0,1红,2红
1779052816694003,6066服 PK25124 赛季开始31天,PK25124|6066服 幽兰芬馥,299.99,https://www.jiaoyimao.com/jg1009207/1779052816694003.html?isGray=true,安卓,1844430,1844418,1583289221280506,750,81,18,31,2,3,572,1800,可跨区转服,,,success,,45,40,12,0,0,0红,0,0,0,0红,0,0,0红,0,0,0,0,0,0,0红,0,0,0红,0,0,0,0,0,0,0,典藏0红,0,0,0红,0,1红,0,0红,1红,0,0,0红,0,0,0,0,0
1781010628574697,3945服 PK25053 赛季开始52天,PK25053|3945服 天时地利,59500,https://www.jiaoyimao.com/jg1009207/1781010628574697.html?isGray=true,安卓,1844430,1844418,1583289698165007,750,928,124,52,27,83,1307,3300,可跨区转服,12,,success,,121,96,57,典藏5红,典藏2红,典藏4红,典藏5红,典藏5红,典藏1红,5红,典藏5红,典藏5红,5红,典藏5红,典藏5红,5红,0,典藏5红,3红,典藏5红,典藏5红,典藏5红,动态5红,典藏5红,典藏5红,典藏5红,典藏5红,5红,典藏5红,5红,典藏5红,5红,典藏5红,典藏5红,典藏5红,典藏5红,0,典藏5红,典藏5红,典藏5红,典藏5红,5红,5红,典藏5红,典藏5红,5红,典藏5红
1780989531077006,3456服 PK19279 赛季开始45天,PK19279|3456服 随心所欲,79999,https://www.jiaoyimao.com/jg1009207/1780989531077006.html?isGray=true,安卓,1844430,1844418,1583289698165007,750,1280,106,45,26,76,2270,3000,21天后可跨区转服,21,,success,,342,213,61,典藏5红,典藏动态5红,典藏5红,典藏5红,典藏动态5红,典藏5红,0,典藏5红,典藏5红,0红,典藏动态5红,典藏动态5红,0,5红,典藏0红,0红,0红,5红,典藏5红,5红,典藏5红,典藏2红,典藏1红,典藏0红,1红,4红,5红,5红,0,典藏5红,典藏4红,典藏5红,典藏5红,典藏5红,1红,0,5红,典藏5红,3红,5红,典藏0红,5红,5红,典藏5红
1781406838912817,6290服 赛季开始59天,6290服 争霸九州|6290服 争霸九州,288888,https://www.jiaoyimao.com/jg1009207/1781406838912817.html?isGray=true,安卓,1844430,1844418,1583289698165007,750,807,50,59,0,14,1955,2100,,21,,success,,230,144,22,0,0,动态5红,0,0,动态5红,5红,0,0,动态2红,0,0,0,0,0,5红,0,0,0,动态5红,0,0,0,0,动态5红,0,0,0,0,0,5红,0,动态5红,0,0,4红,0,动态3红,动态3红,动态0红,0,5红,0,0
1781508840396140,4358服 PK25129 赛季开始24天,PK25129|4358服 舞枪弄棒,62800,https://www.jiaoyimao.com/jg1009207/1781508840396140.html?isGray=true,安卓,1844430,1844418,1583289698165007,750,1072,111,24,15,107,507,3300,可跨区转服,,1小时前发布,success,,166,134,57,典藏5红,3红,典藏4红,典藏5红,典藏5红,0红,5红,典藏5红,典藏5红,动态5红,典藏5红,典藏4红,动态5红,0红,典藏5红,0,典藏4红,典藏5红,典藏5红,动态5红,典藏5红,5红,典藏5红,典藏5红,3红,典藏5红,5红,典藏5红,动态5红,典藏5红,典藏5红,5红,典藏5红,0红,典藏5红,典藏5红,典藏5红,3红,2红,5红,典藏5红,典藏5红,5红,典藏5红
1781513319919270,2347服 PK25159 赛季开始17天,PK25159|2347服 朝闻夕改,89999,https://www.jiaoyimao.com/jg1009207/1781513319919270.html?isGray=true,安卓,1844430,1844418,1583289698165007,750,1582,128,17,27,117,718,3300,可跨区转服,,29分钟前发布,success,,292,203,88,典藏5红,典藏5红,典藏5红,典藏动态5红,典藏5红,典藏0红,5红,典藏5红,典藏动态5红,动态1红,典藏动态5红,典藏5红,动态5红,5红,典藏5红,4红,典藏5红,典藏动态5红,5红,动态5红,典藏4红,典藏5红,典藏5红,典藏5红,动态5红,典藏动态5红,动态5红,典藏5红,动态3红,典藏5红,典藏动态5红,典藏5红,典藏5红,典藏5红,典藏5红,典藏5红,典藏动态5红,动态5红,动态5红,5红,典藏5红,典藏5红,动态4红,典藏5红
1779068234723736,6303服 赛季开始53天,6303服 风清月朗|6303服 风清月朗,9000,https://www.jiaoyimao.com/jg1009207/1779068234723736.html?isGray=true,安卓,1844430,1844418,1583289698165007,750,49,5,53,0,,238,1800,,,,success,,28,21,2,0,0,0,0,0,0,0,0,0,0红,0,0,0,0,0,0,0,0,0,0,0,0,0,0,0,0,0,0,0,0,0,0,0红,0,0,0,0,0,0,0,0,0,0,0
1779072373681300,3800服 PK25059 赛季开始52天,PK25059|3800服 精雕细镂,1589,https://www.jiaoyimao.com/jg1009207/1779072373681300.html?isGray=true,安卓,1844430,1844418,1583289698165007,750,698,91,52,21,49,1441,2700,可跨区转服,3,,success,,247,137,39,0,0红,0,0红,0红,0红,0红,0,0红,动态0红,0红,1红,0红,0红,0,0红,1红,4红,0红,动态0红,0红,2红,典藏2红,3红,0红,动态5红,动态3红,0红,1红,0红,5红,动态1红,5红,0,动态4红,2红,4红,动态3红,动态2红,0红,典藏2红,5红,1红,3红
1779022205570144,6168服 S22076 赛季开始59天,S22076|6168服 有脚阳春,120,https://www.jiaoyimao.com/jg1009207/1779022205570144.html?isGray=true,安卓,1844430,1844418,1583289221280506,750,63,10,59,1,,354,1800,,,,success,,43,31,6,0,0,0,0,0,0,0,0,0,0红,0,0,0,0,0,0,0红,0,0,0,0,0,0,0,0,0,0,0,0,0,0,0,0红,0,0,0,0,0,0红,0红,0,0,0红,0
1779030754043744,世家1服 PK25109 赛季开始37天,PK25109|世家1服 世代簪缨,30,https://www.jiaoyimao.com/jg1009207/1779030754043744.html?isGray=true,安卓,1844430,1844418,1583289221280506,750,49,13,37,3,,478,1800,可跨区转服,,,success,,24,19,1,0,0,0,0,0,0,0,0,0,0,0,0,0,0,0,0红,0,0,0,0,0,0,0,0,0,0,0,0,0,0,0,0,0,0,0,0,0,0,0,0,0,0,0,0
1779041384158197,4107服 PK25065 赛季开始52天,PK25065|4107服 招风揽火,520,https://www.jiaoyimao.com/jg1009207/1779041384158197.html?isGray=true,安卓,1844430,1844418,1583289221280506,750,342,93,52,28,24,2062,2100,可跨区转服,,,success,,88,62,21,0,0,0,0红,0,0,0红,动态0红,0,0红,典藏1红,0,0,0,1红,0,典藏0红,1红,0,0,0,0,0,典藏1红,0,典藏4红,0红,0,1红,0,0,3红,1红,0,动态2红,0红,典藏0红,动态3红,动态3红,1红,0,0红,0,0
1779000189979881,1713服 PK25003 赛季开始59天,PK25003|1713服 落英缤纷,5788,https://www.jiaoyimao.com/jg1009207/1779000189979881.html?isGray=true,安卓,1844430,1844418,1583289698165007,750,1112,131,59,26,82,318,3000,12天后可跨区转服,7,,success,,279,162,42,0,0,0,典藏2红,0,0,1红,0,1红,1红,典藏2红,典藏2红,0红,4红,典藏5红,1红,典藏5红,典藏5红,典藏4红,动态5红,典藏1红,典藏3红,4红,3红,3红,典藏4红,3红,0,0红,典藏4红,典藏4红,动态4红,典藏5红,0,典藏5红,典藏3红,典藏3红,动态5红,动态3红,4红,典藏5红,典藏5红,0红,典藏4红
1780602423975013,6060服 PK25123 赛季开始31天,PK25123|6060服 杏雨梨云,1888,https://www.jiaoyimao.com/jg1009207/1780602423975013.html?isGray=true,安卓,1844430,1844418,1583289698165007,750,136,37,31,2,2,1131,1800,可跨区转服,,,success,,95,64,23,0,0,0,0,0,0,1红,0,0,0,0,0红,0红,0,0红,1红,0红,0,0,0红,0,0,0,0,0红,0红,1红,0红,0红,0红,0红,0,1红,0,0红,0红,0,0红,0红,1红,0红,0红,0红,0
1778947892877011,1835服 PK25018 赛季开始59天,PK25018|1835服 开诚相见,16666,https://www.jiaoyimao.com/jg1009207/1778947892877011.html?isGray=true,安卓,1844430,1844418,1583289221280506,750,911,128,59,27,153,2235,3000,111天后可跨区转服,1,,success,,156,105,51,典藏0红,0红,典藏0红,典藏3红,1红,0红,4红,典藏5红,典藏5红,动态3红,典藏2红,典藏2红,2红,0,典藏5红,0红,0红,典藏5红,0,0红,典藏4红,典藏5红,典藏5红,典藏5红,动态5红,典藏5红,动态5红,典藏5红,动态4红,典藏1红,典藏5红,动态5红,典藏5红,典藏0红,典藏5红,典藏2红,典藏5红,典藏5红,0红,0红,典藏4红,典藏5红,5红,典藏5红
1778997440986063,6298服 赛季开始55天,6298服 万古长存|6298服 万古长存,20,https://www.jiaoyimao.com/jg1009207/1778997440986063.html?isGray=true,安卓,1844430,1844418,1583289221280506,750,31,,55,0,,101,1800,,,,not_scanned,,,,,,,,,,,,,,,,,,,,,,,,,,,,,,,,,,,,,,,,,,,,,,,,
1778989273609979,蛇年十服 PK25105 赛季开始37天,PK25105|蛇年十服 金蛇狂舞,150,https://www.jiaoyimao.com/jg1009207/1778989273609979.html?isGray=true,安卓,1844430,1844418,1583289698165007,750,204,61,37,11,16,887,2100,127天后可跨区转服,1,,not_scanned,,,,,,,,,,,,,,,,,,,,,,,,,,,,,,,,,,,,,,,,,,,,,,,,
1778976642054627,马年曹操10服 S22083 赛季开始52天,S22083|马年曹操10服 歌咏志,40,https://www.jiaoyimao.com/jg1009207/1778976642054627.html?isGray=true,安卓,1844430,1844418,1583289221280506,750,51,8,52,1,,354,1800,,,,not_scanned,,,,,,,,,,,,,,,,,,,,,,,,,,,,,,,,,,,,,,,,,,,,,,,,
1778980966487929,3646服 PK19282 赛季开始45天,PK19282|3646服 美不胜收,288,https://www.jiaoyimao.com/jg1009207/1778980966487929.html?isGray=true,安卓,1844430,1844418,1583289221280506,750,404,80,45,17,22,1568,2400,可跨区转服,3,,not_scanned,,,,,,,,,,,,,,,,,,,,,,,,,,,,,,,,,,,,,,,,,,,,,,,,
1781165031019766,3644服 PK25088 赛季开始45天,PK25088|3644服 先意希旨,48888,https://www.jiaoyimao.com/jg1009207/1781165031019766.html?isGray=true,安卓,1844430,1844418,1583289698165007,750,1137,115,45,16,65,3028,3000,22天后可跨区转服,13,,not_scanned,,,,,,,,,,,,,,,,,,,,,,,,,,,,,,,,,,,,,,,,,,,,,,,,
1781508304708414,5335服 PK25220 赛季开始3天,PK25220|5335服 下交不渎,65000,https://www.jiaoyimao.com/jg1009207/1781508304708414.html?isGray=true,安卓,1844430,1844418,1583289698165007,750,859,110,3,12,63,848,3000,可跨区转服,,1小时前发布,not_scanned,,,,,,,,,,,,,,,,,,,,,,,,,,,,,,,,,,,,,,,,,,,,,,,,
1781511536016832,875服 PK25002 赛季开始59天,PK25002|875服 单兵孤城,128888,https://www.jiaoyimao.com/jg1009207/1781511536016832.html?isGray=true,安卓,1844430,1844418,1583289698165007,750,3602,137,59,25,99,2505,3600,可跨区转服,,59分钟前发布,not_scanned,,,,,,,,,,,,,,,,,,,,,,,,,,,,,,,,,,,,,,,,,,,,,,,,
1779096245693139,5259服 PK25093 赛季开始45天,PK25093|5259服 姑苏城外,1000,https://www.jiaoyimao.com/jg1009207/1779096245693139.html?isGray=true,安卓,1844430,1844418,1583289221280506,750,331,64,45,8,14,1506,2100,可跨区转服,1,,not_scanned,,,,,,,,,,,,,,,,,,,,,,,,,,,,,,,,,,,,,,,,,,,,,,,,
1780993569469114,5909服 PK25110 赛季开始37天,PK25110|5909服 涅而不渝,1700,https://www.jiaoyimao.com/jg1009207/1780993569469114.html?isGray=true,安卓,1844430,1844418,1583289698165007,750,245,59,37,3,12,41,2100,可跨区转服,2,,not_scanned,,,,,,,,,,,,,,,,,,,,,,,,,,,,,,,,,,,,,,,,,,,,,,,,
1779034061304881,3445服 PK19281 赛季开始45天,PK19281|3445服 义正言辞,6000,https://www.jiaoyimao.com/jg1009207/1779034061304881.html?isGray=true,安卓,1844430,1844418,1583289698165007,750,340,84,45,24,27,1401,2700,可跨区转服,22,,not_scanned,,,,,,,,,,,,,,,,,,,,,,,,,,,,,,,,,,,,,,,,,,,,,,,,
1779022874102889,争霸461服||浙江 DS20215 赛季开始17天,DS20215|争霸461服||浙江,1326,https://www.jiaoyimao.com/jg1009207/1779022874102889.html?isGray=true,安卓,1844430,1844418,1583289698165007,750,50,8,17,1,1,212,1800,,,,not_scanned,,,,,,,,,,,,,,,,,,,,,,,,,,,,,,,,,,,,,,,,,,,,,,,,
1780675751360543,5284服 PK25220 赛季开始3天,PK25220|5284服 封狼居胥,150,https://www.jiaoyimao.com/jg1009207/1780675751360543.html?isGray=true,安卓,1844430,1844418,1583289221280506,750,168,62,3,8,10,852,2100,可跨区转服,1,,not_scanned,,,,,,,,,,,,,,,,,,,,,,,,,,,,,,,,,,,,,,,,,,,,,,,,
1779029431597314,6153服 S22072 赛季开始66天,S22072|6153服 神农尝草,75,https://www.jiaoyimao.com/jg1009207/1779029431597314.html?isGray=true,安卓,1844430,1844418,1583289221280506,750,76,16,66,1,,543,1800,,6,,not_scanned,,,,,,,,,,,,,,,,,,,,,,,,,,,,,,,,,,,,,,,,,,,,,,,,
1779089505954404,666服 PK21280 赛季开始59天,PK21280|666服 横行天下,13630,https://www.jiaoyimao.com/jg1009207/1779089505954404.html?isGray=true,安卓,1844430,1844418,1583289698165007,750,892,117,59,28,78,263,3000,14天后可跨区转服,,,not_scanned,,,,,,,,,,,,,,,,,,,,,,,,,,,,,,,,,,,,,,,,,,,,,,,,
1779029646856554,5072服 PK25095 赛季开始45天,PK25095|5072服 荣耀之巅,1800,https://www.jiaoyimao.com/jg1009207/1779029646856554.html?isGray=true,安卓,1844430,1844418,1583289698165007,750,338,72,45,14,24,1169,2400,可跨区转服,,,not_scanned,,,,,,,,,,,,,,,,,,,,,,,,,,,,,,,,,,,,,,,,,,,,,,,,
1780677891650359,2998服 PK25180 赛季开始17天,PK25180|2998服 华灯初上,899,https://www.jiaoyimao.com/jg1009207/1780677891650359.html?isGray=true,安卓,1844430,1844418,1583289698165007,750,267,82,17,20,28,1590,2400,可跨区转服,10,,not_scanned,,,,,,,,,,,,,,,,,,,,,,,,,,,,,,,,,,,,,,,,,,,,,,,,
1780707823407971,3820服 PK25054 赛季开始52天,PK25054|3820服 一团和气,12999,https://www.jiaoyimao.com/jg1009207/1780707823407971.html?isGray=true,安卓,1844430,1844418,1583289698165007,750,677,114,52,22,97,910,3000,110天后可跨区转服,1,,not_scanned,,,,,,,,,,,,,,,,,,,,,,,,,,,,,,,,,,,,,,,,,,,,,,,,
1779071555927256,6315服 赛季开始46天,6315服 除旧布新|6315服 除旧布新,180,https://www.jiaoyimao.com/jg1009207/1779071555927256.html?isGray=true,安卓,1844430,1844418,1583289221280506,750,41,4,46,0,,203,1800,,6,,not_scanned,,,,,,,,,,,,,,,,,,,,,,,,,,,,,,,,,,,,,,,,,,,,,,,,
1779073496302689,6319服 赛季开始44天,6319服 兴利除弊|6319服 兴利除弊,208,https://www.jiaoyimao.com/jg1009207/1779073496302689.html?isGray=true,安卓,1844430,1844418,1583289698165007,750,48,7,44,0,,230,1800,,1,,not_scanned,,,,,,,,,,,,,,,,,,,,,,,,,,,,,,,,,,,,,,,,,,,,,,,,
1777732626113032,4521服 PK25129 赛季开始24天,PK25129|4521服 河清云庆,76543,https://www.jiaoyimao.com/jg1009207/1777732626113032.html?isGray=true,安卓,1844430,1844418,1583289221280506,750,2031,139,24,17,142,3016,3600,47天后可跨区转服,2,,not_scanned,,,,,,,,,,,,,,,,,,,,,,,,,,,,,,,,,,,,,,,,,,,,,,,,
1779317026911031,2711服 PK25156 赛季开始17天,PK25156|2711服 畅所欲言,38888,https://www.jiaoyimao.com/jg1009207/1779317026911031.html?isGray=true,安卓,1844430,1844418,1583289698165007,750,1589,134,17,27,133,1345,3600,148天后可跨区转服,5,,not_scanned,,,,,,,,,,,,,,,,,,,,,,,,,,,,,,,,,,,,,,,,,,,,,,,,
1775655747625736,4880服 PK19291 赛季开始24天,PK19291|4880服 初试锋芒,36888,https://www.jiaoyimao.com/jg1009207/1775655747625736.html?isGray=true,安卓,1844430,1844418,1583289698165007,750,1259,126,24,21,112,1817,3300,可跨区转服,1,,not_scanned,,,,,,,,,,,,,,,,,,,,,,,,,,,,,,,,,,,,,,,,,,,,,,,,
1781496732375318,2970服 PK25173 赛季开始17天,PK25173|2970服 风度翩翩,50000,https://www.jiaoyimao.com/jg1009207/1781496732375318.html?isGray=true,安卓,1844430,1844418,1583289698165007,750,715,118,17,19,77,1869,3000,可跨区转服,,5小时前发布,not_scanned,,,,,,,,,,,,,,,,,,,,,,,,,,,,,,,,,,,,,,,,,,,,,,,,
1779072745847727,4244服 PK19289 赛季开始24天,PK19289|4244服 来之不易,2222,https://www.jiaoyimao.com/jg1009207/1779072745847727.html?isGray=true,安卓,1844430,1844418,1583289698165007,750,406,81,24,19,37,1014,2400,141天后可跨区转服,11,,not_scanned,,,,,,,,,,,,,,,,,,,,,,,,,,,,,,,,,,,,,,,,,,,,,,,,
1779088708495317,5410服 PK25114 赛季开始31天,PK25114|5410服 枕中鸿宝,294,https://www.jiaoyimao.com/jg1009207/1779088708495317.html?isGray=true,安卓,1844430,1844418,1583289221280506,750,224,61,31,10,13,779,2100,34天后可跨区转服,11,,not_scanned,,,,,,,,,,,,,,,,,,,,,,,,,,,,,,,,,,,,,,,,,,,,,,,,
1778987384153477,5866服 PK21283 赛季开始59天,PK21283|5866服 玉走金飞,299,https://www.jiaoyimao.com/jg1009207/1778987384153477.html?isGray=true,安卓,1844430,1844418,1583289221280506,750,169,46,59,3,12,1289,1800,可跨区转服,1,,not_scanned,,,,,,,,,,,,,,,,,,,,,,,,,,,,,,,,,,,,,,,,,,,,,,,,
1779038402155369,6215服 S22093 赛季开始31天,S22093|6215服 卫玠羊车,550,https://www.jiaoyimao.com/jg1009207/1779038402155369.html?isGray=true,安卓,1844430,1844418,1583289221280506,750,66,16,31,1,,424,1800,,,,not_scanned,,,,,,,,,,,,,,,,,,,,,,,,,,,,,,,,,,,,,,,,,,,,,,,,
1779029618551523,6335服 赛季开始36天,6335服 钟鼎人家|6335服 钟鼎人家,20,https://www.jiaoyimao.com/jg1009207/1779029618551523.html?isGray=true,安卓,1844430,1844418,1583289221280506,750,19,,36,0,,18,1800,,,,not_scanned,,,,,,,,,,,,,,,,,,,,,,,,,,,,,,,,,,,,,,,,,,,,,,,,
1779037330790672,5139服 PK25096 赛季开始45天,PK25096|5139服 天下独绝,8712,https://www.jiaoyimao.com/jg1009207/1779037330790672.html?isGray=true,安卓,1844430,1844418,1583289698165007,750,496,122,45,14,48,1793,2700,117天后可跨区转服,3,,not_scanned,,,,,,,,,,,,,,,,,,,,,,,,,,,,,,,,,,,,,,,,,,,,,,,,
1779091695120712,6044服 PK21289 赛季开始52天,PK21289|6044服 岳渎钟灵,20,https://www.jiaoyimao.com/jg1009207/1779091695120712.html?isGray=true,安卓,1844430,1844418,1583289221280506,750,66,19,52,2,3,503,1800,可跨区转服,1,,not_scanned,,,,,,,,,,,,,,,,,,,,,,,,,,,,,,,,,,,,,,,,,,,,,,,,
1779093774782768,6034服 PK21287 赛季开始52天,PK21287|6034服 珠围翠绕,588,https://www.jiaoyimao.com/jg1009207/1779093774782768.html?isGray=true,安卓,1844430,1844418,1583289221280506,750,84,23,52,2,5,490,1800,可跨区转服,,,not_scanned,,,,,,,,,,,,,,,,,,,,,,,,,,,,,,,,,,,,,,,,,,,,,,,,
1780668031090302,3666服 PK25088 赛季开始45天,PK25088|3666服 深秋无痕,188,https://www.jiaoyimao.com/jg1009207/1780668031090302.html?isGray=true,安卓,1844430,1844418,1583289221280506,750,260,53,45,15,23,1690,2100,可跨区转服,,,not_scanned,,,,,,,,,,,,,,,,,,,,,,,,,,,,,,,,,,,,,,,,,,,,,,,,
1779025294747794,争霸419服||江苏 PK25187 赛季开始17天,PK25187|争霸419服||江苏,200,https://www.jiaoyimao.com/jg1009207/1779025294747794.html?isGray=true,安卓,1844430,1844418,1583289698165007,750,87,25,17,3,5,539,1800,可跨区转服,,,not_scanned,,,,,,,,,,,,,,,,,,,,,,,,,,,,,,,,,,,,,,,,,,,,,,,,
1778939241414124,6214服 S22092 赛季开始31天,S22092|6214服 王恭春月,100,https://www.jiaoyimao.com/jg1009207/1778939241414124.html?isGray=true,安卓,1844430,1844418,1583289221280506,750,59,12,31,1,2,297,1800,,,,not_scanned,,,,,,,,,,,,,,,,,,,,,,,,,,,,,,,,,,,,,,,,,,,,,,,,
1780626613225248,马年曹操8服 S22083 赛季开始52天,S22083|马年曹操8服 道自来,30,https://www.jiaoyimao.com/jg1009207/1780626613225248.html?isGray=true,安卓,1844430,1844418,1583289221280506,750,42,9,52,1,2,188,1800,,,,not_scanned,,,,,,,,,,,,,,,,,,,,,,,,,,,,,,,,,,,,,,,,,,,,,,,,
1777110102216828,3996服 PK25059 赛季开始52天,PK25059|3996服 福地洞天,76800,https://www.jiaoyimao.com/jg1009207/1777110102216828.html?isGray=true,安卓,1844430,1844418,1583289698165007,750,1629,137,52,24,106,3040,3600,121天后可跨区转服,18,,not_scanned,,,,,,,,,,,,,,,,,,,,,,,,,,,,,,,,,,,,,,,,,,,,,,,,
1781324762202085,4331服 PK25128 赛季开始24天,PK25128|4331服 不惜躯命,71111,https://www.jiaoyimao.com/jg1009207/1781324762202085.html?isGray=true,安卓,1844430,1844418,1583289698165007,750,803,127,24,17,43,3496,3000,可跨区转服,10,,not_scanned,,,,,,,,,,,,,,,,,,,,,,,,,,,,,,,,,,,,,,,,,,,,,,,,
1781353368392637,5821服 PK21304 赛季开始10天,PK21304|5821服 长安争锋,78888,https://www.jiaoyimao.com/jg1009207/1781353368392637.html?isGray=true,安卓,1844430,1844418,1583289698165007,750,1177,104,10,4,60,1979,2700,可跨区转服,11,,not_scanned,,,,,,,,,,,,,,,,,,,,,,,,,,,,,,,,,,,,,,,,,,,,,,,,
1781342925211504,4515服 PK25146 赛季开始24天,PK25146|4515服 鸿渐之仪,55888,https://www.jiaoyimao.com/jg1009207/1781342925211504.html?isGray=true,安卓,1844430,1844418,1583289698165007,750,835,115,24,22,94,2828,3000,可跨区转服,7,,not_scanned,,,,,,,,,,,,,,,,,,,,,,,,,,,,,,,,,,,,,,,,,,,,,,,,
1779724716370346,2529服 PK25166 赛季开始17天,PK25166|2529服 怡然自乐,78999,https://www.jiaoyimao.com/jg1009207/1779724716370346.html?isGray=true,安卓,1844430,1844418,1583289698165007,750,1279,129,17,28,70,3427,3300,54天后可跨区转服,28,,not_scanned,,,,,,,,,,,,,,,,,,,,,,,,,,,,,,,,,,,,,,,,,,,,,,,,
1779019948253606,4100服 PK25061 赛季开始52天,PK25061|4100服 跬步千里,2400,https://www.jiaoyimao.com/jg1009207/1779019948253606.html?isGray=true,安卓,1844430,1844418,1583289698165007,750,454,93,52,22,26,651,2700,119天后可跨区转服,1,,not_scanned,,,,,,,,,,,,,,,,,,,,,,,,,,,,,,,,,,,,,,,,,,,,,,,,
1779007141411177,6329服 赛季开始39天,6329服 如兄如弟|6329服 如兄如弟,188,https://www.jiaoyimao.com/jg1009207/1779007141411177.html?isGray=true,安卓,1844430,1844418,1583289221280506,750,42,5,39,0,1,187,1800,,,,not_scanned,,,,,,,,,,,,,,,,,,,,,,,,,,,,,,,,,,,,,,,,,,,,,,,,
1779064374645223,3508服 PK19280 赛季开始45天,PK19280|3508服 求全责备,5789,https://www.jiaoyimao.com/jg1009207/1779064374645223.html?isGray=true,安卓,1844430,1844418,1583289698165007,750,599,107,45,28,69,412,3000,可跨区转服,45,,not_scanned,,,,,,,,,,,,,,,,,,,,,,,,,,,,,,,,,,,,,,,,,,,,,,,,
1779071741269497,5483服 PK25120 赛季开始31天,PK25120|5483服 隔世之感,99999,https://www.jiaoyimao.com/jg1009207/1779071741269497.html?isGray=true,安卓,1844430,1844418,1583289221280506,750,299,78,31,10,30,1159,2100,61天后可跨区转服,,,not_scanned,,,,,,,,,,,,,,,,,,,,,,,,,,,,,,,,,,,,,,,,,,,,,,,,
1780632034443045,6365服 赛季开始21天,6365服 漱石枕流|6365服 漱石枕流,30,https://www.jiaoyimao.com/jg1009207/1780632034443045.html?isGray=true,安卓,1844430,1844418,1583289698165007,750,30,2,21,0,,51,1800,,,,not_scanned,,,,,,,,,,,,,,,,,,,,,,,,,,,,,,,,,,,,,,,,,,,,,,,,
1779006859310841,4288服 PK25126 赛季开始24天,PK25126|4288服 利时及物,90888,https://www.jiaoyimao.com/jg1009207/1779006859310841.html?isGray=true,安卓,1844430,1844418,1583289221280506,750,1082,114,24,16,53,273,3300,可跨区转服,4,,not_scanned,,,,,,,,,,,,,,,,,,,,,,,,,,,,,,,,,,,,,,,,,,,,,,,,
1779031259441278,5912服 PK25110 赛季开始37天,PK25110|5912服 玉洁冰清,55,https://www.jiaoyimao.com/jg1009207/1779031259441278.html?isGray=true,安卓,1844430,1844418,1583289221280506,750,83,28,37,3,5,698,1800,可跨区转服,5,,not_scanned,,,,,,,,,,,,,,,,,,,,,,,,,,,,,,,,,,,,,,,,,,,,,,,,
1779000857979799,6077服 PK25153 赛季开始24天,PK25153|6077服 埙篪相和,50,https://www.jiaoyimao.com/jg1009207/1779000857979799.html?isGray=true,安卓,1844430,1844418,1583289221280506,750,72,23,24,2,4,641,1800,可跨区转服,2,,not_scanned,,,,,,,,,,,,,,,,,,,,,,,,,,,,,,,,,,,,,,,,,,,,,,,,
1778982111646018,1222服 PK25005 赛季开始59天,PK25005|1222服 背城一战,28140,https://www.jiaoyimao.com/jg1009207/1778982111646018.html?isGray=true,安卓,1844430,1844418,1583289698165007,750,1272,139,59,26,144,2085,3000,可跨区转服,1,,not_scanned,,,,,,,,,,,,,,,,,,,,,,,,,,,,,,,,,,,,,,,,,,,,,,,,
1780629790936430,3606服 PK25055 赛季开始52天,PK25055|3606服 西凉霸雄,13666,https://www.jiaoyimao.com/jg1009207/1780629790936430.html?isGray=true,安卓,1844430,1844418,1583289221280506,750,875,112,52,23,105,1194,3000,可跨区转服,,,not_scanned,,,,,,,,,,,,,,,,,,,,,,,,,,,,,,,,,,,,,,,,,,,,,,,,
1779003083011740,争霸293服||北京 PK19272 赛季开始59天,PK19272|争霸293服||北京,100,https://www.jiaoyimao.com/jg1009207/1779003083011740.html?isGray=true,安卓,1844430,1844418,1583289221280506,750,141,30,59,5,6,1408,1800,107天后可跨区转服,,,not_scanned,,,,,,,,,,,,,,,,,,,,,,,,,,,,,,,,,,,,,,,,,,,,,,,,
1779084565459496,310服 PK25041 赛季开始59天,PK25041|310服 止戈为武,10004,https://www.jiaoyimao.com/jg1009207/1779084565459496.html?isGray=true,安卓,1844430,1844418,1583289221280506,750,541,120,59,28,86,1238,3000,可跨区转服,,,not_scanned,,,,,,,,,,,,,,,,,,,,,,,,,,,,,,,,,,,,,,,,,,,,,,,,