goodsId,name,price,productType,transferService,publisher,serverName,pkServer,detailUrl,status,listedAt,firstSeenAt,lastSeenAt,gold,totalFiveStarGenerals,sTactics,specialOrangeEquipment,detailHeroCount,detailUniqueHeroCount,importantHeroMatchedCount,sp曹操,sp貂蝉,sp卢植,sp关羽,sp法正,马岱,刘备,sp马超,sp皇甫嵩,许攸,sp荀彧,sp郭嘉,贾诩,荀攸,孙尚香,孙权,凌统,周泰,sp周瑜,陆逊,sp吕蒙,sp诸葛亮,关兴,张苞,诸葛亮,sp袁绍,沮授,sp朱儁,庞统,姜维,关羽,关银屏,张飞,sp黄月英,司马懿,曹操,满宠,张角,左慈,于吉,张辽,郭嘉,王元姬,诸葛恪,missingRequiredTactics,missingCoreEquipmentSkills,detailError
商品ID,商品标题,价格,商品类型,账号转移,客户端,服务器,PK服务器,商品链接,当前状态,商品上架时间,首次记录时间,最后记录时间,金珠,橙色武将数量,S战法数量,橙装数量,武将记录数,去重武将数,重要武将命中数,sp曹操,sp貂蝉,sp卢植,sp关羽,sp法正,马岱,刘备,sp马超,sp皇甫嵩,许攸,sp荀彧,sp郭嘉,贾诩,荀攸,孙尚香,孙权,凌统,周泰,sp周瑜,陆逊,sp吕蒙,sp诸葛亮,关兴,张苞,诸葛亮,sp袁绍,沮授,sp朱儁,庞统,姜维,关羽,关银屏,张飞,sp黄月英,司马懿,曹操,满宠,张角,左慈,于吉,张辽,郭嘉,王元姬,诸葛恪,缺失关键战法,缺失核心装备特技,detailError
1781529345884476,三幻神拉满，满将非典废,33000,成品号,是,OPPO,4387服 巧言令色/PK25127,PK25127,https://www.jiaoyimao.com/jg1009207/1781529345884476.html?isGray=true,在售,2026-06-15 21:26:27,2026-06-18 11:09:44,2026-06-18 11:35:37,399,65,116,163,185,144,62,典藏0红,典藏1红,0,5红,5红,典藏3红,5红,典藏5红,5红,5红,典藏5红,典藏4红,5红,5红,典藏5红,0红,典藏5红,典藏5红,典藏5红,5红,典藏5红,典藏5红,典藏5红,典藏5红,5红,典藏5红,5红,典藏5红,5红,典藏5红,5红,典藏5红,典藏5红,0,典藏5红,典藏5红,典藏5红,5红,5红,5红,典藏3红,典藏5红,5红,典藏5红,"深藏若虚,雁行阵,守望相助","御策,治军,破势","page.goto: Target page, context or browser has been closed"
1781652460654090,卡池巨厚的全网最低大满贯,78888,成品号,是,九游,1155服 一举两得/PK25004,PK25004,https://www.jiaoyimao.com/jg1009207/1781652460654090.html?isGray=true,在售,2026-06-17 07:36:59,2026-06-18 11:09:44,2026-06-18 11:35:37,6595,152,127,236,295,227,83,典藏5红,5红,典藏5红,典藏5红,典藏5红,典藏5红,5红,典藏5红,典藏5红,5红,典藏5红,典藏5红,5红,5红,典藏5红,5红,典藏5红,典藏5红,典藏5红,5红,典藏5红,典藏5红,典藏5红,典藏5红,5红,典藏5红,5红,典藏5红,5红,典藏5红,典藏5红,典藏5红,典藏5红,5红,典藏5红,典藏5红,典藏5红,典藏5红,5红,5红,1红,典藏5红,5红,典藏5红,守望相助,回元,CAPTCHA_NOT_SOLVED_IN_TIME
1781579116608456,可求sp马超双月有回溯2w珠,1169,成品号,是,九游,3660服 亭台楼阁/PK25089,PK25089,https://www.jiaoyimao.com/jg1009207/1781579116608456.html?isGray=true,在售,2026-06-17 20:07:11,2026-06-18 11:09:44,2026-06-18 11:35:37,17305,38,79,121,76,68,23,0,0,0,0,0,0,0,典藏2红,3红,2红,典藏4红,0红,0,0,2红,0,0,0,1红,0,典藏5红,2红,5红,4红,0,0,0,0,0,0红,典藏4红,典藏5红,典藏5红,0,0红,0红,1红,0红,0,0红,0,典藏3红,0,0红,"桃园结义,深藏若虚,雁行阵,先登死士,勠力同心,刚柔并济,以寡敌众,鱼鳞阵,藏器待时,鉴时审势,婴城自守,众志成城,功不唐捐,守望相助","御策,治军,回元,破势,奇算","page.goto: Target page, context or browser has been closed"
1781694156614727,送送送送送送送送送送送送送送送,1088,成品号,是,OPPO,176服 横戈跃马/PK25011,PK25011,https://www.jiaoyimao.com/jg1009207/1781694156614727.html?isGray=true,在售,2026-06-17 19:11:40,2026-06-18 11:09:44,2026-06-18 11:35:37,1645,51,106,146,73,68,40,0,典藏1红,典藏0红,0,0,0,1红,典藏1红,1红,1红,典藏1红,典藏2红,0红,0红,典藏1红,0红,0,典藏0红,典藏0红,0,0,典藏4红,典藏5红,3红,0,典藏5红,3红,3红,1红,典藏3红,1红,典藏5红,3红,0,0红,典藏0红,4红,5红,3红,2红,典藏2红,典藏5红,0红,典藏2红,"桃园结义,深藏若虚,雁行阵,刚柔并济,以寡敌众,藏器待时,鉴时审势","御策,治军,回元,破势,奇算","page.goto: Target page, context or browser has been closed"
1780667132746388,北伐枪法官盾,1318,成品号,是,九游,2845服 万籁俱寂/PK25155,PK25155,https://www.jiaoyimao.com/jg1009207/1780667132746388.html?isGray=true,在售,2026-06-18 11:04:47,2026-06-18 11:09:44,2026-06-18 11:35:37,120,21,81,67,44,44,24,0,0,0,典藏3红,典藏3红,典藏0红,0红,1红,1红,1红,0红,典藏2红,0,0,0,0,0,0,0,0红,0,典藏1红,典藏4红,典藏4红,1红,0,0,0,2红,典藏2红,0,典藏0红,0红,0,0红,1红,0红,0,0红,0,0,0,0,1红,"桃园结义,深藏若虚,雁行阵,勠力同心,刚柔并济,临危救主,鱼鳞阵,蓄势待发,藏器待时,鉴时审势,灵机一动,婴城自守,功不唐捐,万军夺帅,守望相助","御策,治军,回元,破势,奇算","page.goto: Target page, context or browser has been closed"
1781058265305748,5000区满三幻，韬晦，卡池厚,31888,成品号,是,九游,5036服 棋布错峙/PK25144,PK25144,https://www.jiaoyimao.com/jg1009207/1781058265305748.html?isGray=true,在售,2026-06-17 10:11:46,2026-06-18 11:09:44,2026-06-18 11:35:37,2422,113,118,213,212,152,55,0,0,0,典藏5红,5红,0,5红,典藏5红,典藏5红,5红,典藏5红,典藏5红,5红,0红,典藏5红,0红,典藏5红,典藏4红,典藏5红,5红,典藏5红,典藏5红,典藏5红,1红,0红,典藏5红,5红,典藏5红,5红,典藏4红,典藏5红,典藏5红,典藏5红,典藏5红,典藏5红,典藏5红,典藏5红,5红,5红,0红,典藏5红,0红,5红,典藏5红,"桃园结义,深藏若虚,鉴时审势,守望相助","御策,治军,回元,破势","page.goto: Target page, context or browser has been closed"
1781695462674343,满红三幻神，典藏4红sp曹操,21888,成品号,是,OPPO,5491服 占星卜卦/PK25120,PK25120,https://www.jiaoyimao.com/jg1009207/1781695462674343.html?isGray=true,在售,2026-06-18 10:36:03,2026-06-18 11:09:44,2026-06-18 11:35:37,3437,48,118,129,86,69,38,典藏4红,0红,0,典藏5红,典藏5红,典藏4红,0,典藏5红,典藏4红,0红,4红,典藏5红,0红,5红,典藏5红,0红,0,典藏5红,典藏4红,0红,典藏0红,5红,典藏3红,0红,0,4红,0,4红,2红,典藏4红,0,0红,典藏0红,0,典藏4红,典藏0红,典藏5红,5红,1红,0,0,0,2红,典藏5红,,"治军,回元,破势","page.goto: Target page, context or browser has been closed"
1779067773148207,满红太尉，11张残卷，秒了吧,1888,成品号,是,九游,205服 无当飞军/PK25040,PK25040,https://www.jiaoyimao.com/jg1009207/1779067773148207.html?isGray=true,在售,2026-06-17 20:35:12,2026-06-18 11:09:44,2026-06-18 11:35:37,15112,62,104,119,152,111,39,典藏0红,0,0红,0红,典藏0红,0,1红,0红,0红,2红,典藏1红,0红,0,0,典藏2红,0,2红,典藏2红,0,0,0,0,2红,典藏4红,0红,2红,5红,2红,0,1红,典藏5红,5红,4红,0,典藏5红,4红,典藏5红,0红,1红,2红,典藏2红,5红,0,2红,"桃园结义,雁行阵,先登死士,勠力同心,刚柔并济,临危救主,藏器待时,鉴时审势,灵机一动,功不唐捐","御策,治军,回元,破势,奇算","page.goto: Target page, context or browser has been closed"
1781748882806273,打架嘎嘎猛,1699,成品号,是,九游,4574服 甘苦与共/PK21292,PK21292,https://www.jiaoyimao.com/jg1009207/1781748882806273.html?isGray=true,在售,2026-06-18 10:38:22,2026-06-18 11:09:44,2026-06-18 11:35:37,1649,29,80,104,67,53,24,0,0,0,典藏0红,0,0,0红,典藏5红,0红,1红,0红,0,1红,0,0,0,0,0红,0,0红,0,0,1红,0红,0红,典藏2红,0红,0,0,0,典藏2红,0红,典藏5红,0,2红,0红,1红,0,1红,0,0,0红,0红,0红,"桃园结义,深藏若虚,雁行阵,刚柔并济,以寡敌众,鱼鳞阵,藏器待时,鉴时审势,灵机一动,上兵伐谋,婴城自守","御策,治军,回元,武圣,破势,奇算","page.goto: Target page, context or browser has been closed"
1780467066634607,抽5万R补不满法正，出伤心号,13800,成品号,是,九游,4243服 黄天当立/PK25135,PK25135,https://www.jiaoyimao.com/jg1009207/1780467066634607.html?isGray=true,在售,2026-06-14 09:45:37,2026-06-18 11:09:44,2026-06-18 11:35:37,268,75,116,180,202,157,52,0,0,0,典藏5红,3红,0红,2红,典藏5红,3红,2红,典藏5红,典藏3红,1红,0,典藏5红,0红,典藏4红,典藏5红,0,5红,典藏2红,典藏5红,典藏5红,典藏5红,5红,典藏5红,5红,4红,5红,典藏5红,典藏5红,5红,5红,0,典藏5红,典藏5红,典藏5红,典藏5红,3红,0红,5红,典藏5红,0红,3红,"桃园结义,雁行阵,勠力同心,刚柔并济,藏器待时,鉴时审势","御策,治军,回元","page.goto: Target page, context or browser has been closed"
1779000446579246,满红老A8半红幻神找客服议价,6200,成品号,是,九游,684服 力挽狂澜/PK19266,PK19266,https://www.jiaoyimao.com/jg1009207/1779000446579246.html?isGray=true,在售,2026-06-18 09:05:39,2026-06-18 11:09:44,2026-06-18 11:35:37,307,91,115,210,281,182,53,0红,0,0,2红,1红,0红,4红,0红,2红,1红,典藏4红,典藏2红,4红,0红,典藏2红,1红,典藏2红,1红,典藏4红,1红,2红,典藏5红,典藏3红,5红,2红,5红,5红,典藏5红,2红,典藏5红,典藏5红,5红,典藏5红,3红,5红,典藏5红,5红,5红,5红,1红,典藏3红,典藏5红,4红,0,"桃园结义,深藏若虚,雁行阵,刚柔并济,鱼鳞阵,藏器待时,鉴时审势","御策,治军,回元,破势,奇算","page.goto: Target page, context or browser has been closed"
1761380656850953,满马，半红法官，富贵群弓三仙,9500,成品号,是,九游,4459服 浪迹江湖/PK25135,PK25135,https://www.jiaoyimao.com/jg1009207/1761380656850953.html?isGray=true,在售,2026-06-16 15:51:48,2026-06-18 11:09:44,2026-06-18 11:35:37,3269,122,96,191,206,153,41,0,0红,典藏0红,典藏3红,3红,0,1红,典藏5红,1红,1红,4红,4红,0红,0红,典藏1红,0,典藏2红,5红,2红,0红,0,1红,4红,4红,0,5红,4红,典藏2红,0红,典藏1红,典藏5红,3红,4红,0红,0红,0,典藏5红,4红,0红,3红,1红,2红,1红,典藏5红,"桃园结义,深藏若虚,雁行阵,刚柔并济,藏器待时,鉴时审势,众志成城,守望相助","御策,治军,回元,破势,奇算","page.goto: Target page, context or browser has been closed"
1776308007936088,全满麒麟太尉,4000,成品号,是,九游,5021服 成算在胸/PK25135,PK25135,https://www.jiaoyimao.com/jg1009207/1776308007936088.html?isGray=true,在售,2026-06-16 10:11:05,2026-06-18 11:09:44,2026-06-18 11:35:37,54,28,112,142,70,59,26,典藏0红,0红,0,典藏1红,0,典藏0红,5红,0红,0,0红,0,0,0红,0红,典藏5红,1红,典藏1红,典藏3红,0,0红,0,0,0,0,5红,0,0,0,5红,典藏5红,5红,典藏0红,典藏5红,0,典藏5红,4红,典藏4红,0,0红,0,0红,0,0,0,"桃园结义,深藏若虚,雁行阵,勠力同心,临危救主,鱼鳞阵,藏器待时,鉴时审势,上兵伐谋,守望相助","御策,治军,回元,破势,奇算","page.goto: Target page, context or browser has been closed"
1781685504626937,3*7=21,23888,成品号,是,犀游,5759服 月落参横/PK25099,PK25099,https://www.jiaoyimao.com/jg1009207/1781685504626937.html?isGray=true,在售,2026-06-17 18:04:44,2026-06-18 11:09:44,2026-06-18 11:35:37,6316,75,109,91,209,137,45,0,典藏2红,5红,典藏5红,3红,1红,5红,典藏5红,典藏2红,2红,1红,0,3红,1红,典藏5红,1红,典藏5红,典藏4红,0,5红,典藏2红,5红,1红,4红,0红,典藏2红,1红,典藏2红,0红,0红,5红,典藏5红,4红,0,5红,典藏0红,典藏4红,典藏5红,5红,5红,4红,典藏5红,5红,5红,"鉴时审势,上兵伐谋,守望相助","御策,治军,回元,武圣,破势","page.goto: Target page, context or browser has been closed"
1780797154163127,满红老A8，玩够了想出,3800,成品号,是,犀游,5387服 五雀六燕/PK20348,PK20348,https://www.jiaoyimao.com/jg1009207/1780797154163127.html?isGray=true,在售,2026-06-11 12:38:36,2026-06-18 11:09:44,2026-06-18 11:35:37,33141,62,73,142,180,114,36,0,0,0,1红,0,0红,0,0,0,0红,0红,0,3红,5红,4红,1红,典藏3红,0红,0,0红,0,典藏0红,典藏1红,0红,0红,1红,4红,0红,3红,0,0红,1红,1红,0,典藏5红,1红,2红,4红,1红,1红,5红,5红,4红,0红,"桃园结义,深藏若虚,雁行阵,先登死士,勠力同心,刚柔并济,临危救主,解烦卫,以寡敌众,鱼鳞阵,藏器待时,鉴时审势,上兵伐谋,婴城自守,功不唐捐,守望相助","御策,治军,回元,武圣,破势,奇算","page.goto: Target page, context or browser has been closed"
1778465365545719,低价10红皇马，刚出的湛金枪！,2588,成品号,是,九游,5211服 百年奇表/PK25092,PK25092,https://www.jiaoyimao.com/jg1009207/1778465365545719.html?isGray=true,在售,2026-06-16 18:41:23,2026-06-18 11:09:44,2026-06-18 11:35:37,6622,49,64,74,91,75,35,0,1红,0红,典藏1红,0,典藏0红,0,5红,2红,3红,0红,0红,0红,0,0红,0红,0红,0红,1红,0红,0,0红,5红,0,0红,1红,1红,典藏2红,0红,0红,0,2红,典藏5红,1红,1红,0,0红,0,0红,0红,典藏0红,0红,0,4红,"桃园结义,深藏若虚,雁行阵,刚柔并济,鱼鳞阵,蓄势待发,藏器待时,藤甲兵,鉴时审势,上兵伐谋,婴城自守,众志成城,守望相助","御策,治军,回元,破势,奇算","page.goto: Target page, context or browser has been closed"
1779243144340539,充20万求贤霸业新区3万金珠,11200,成品号,是,犀游,6000服 天下大同/PK20354,PK20354,https://www.jiaoyimao.com/jg1009207/1779243144340539.html?isGray=true,在售,2026-06-16 07:45:36,2026-06-18 11:09:44,2026-06-18 11:35:37,30610,115,74,49,191,149,28,0,0,4红,0红,0,5红,5红,0,0,5红,0,0,0,0,0红,5红,0,0红,0,5红,0,0,0,0,4红,0,2红,1红,0,0,5红,0,5红,0,0,5红,0,3红,5红,0红,0,5红,0,0,"先登死士,刚柔并济,速乘其利,解烦卫,以寡敌众,鱼鳞阵,藏器待时,鉴时审势,灵机一动,上兵伐谋,婴城自守,功不唐捐,万军夺帅","御策,治军,回元,武圣,破势,奇算","page.goto: Target page, context or browser has been closed"
1781546462048030,心宜者议价可出,16500,成品号,是,九游,4459服 浪迹江湖/PK21291,PK21291,https://www.jiaoyimao.com/jg1009207/1781546462048030.html?isGray=true,在售,2026-06-16 02:27:07,2026-06-18 11:09:44,2026-06-18 11:35:37,919,58,117,148,128,106,46,0,0,0,典藏5红,典藏2红,0红,5红,典藏4红,典藏4红,2红,典藏5红,典藏4红,2红,0,典藏2红,0红,0,典藏5红,0,5红,典藏5红,典藏5红,典藏5红,典藏5红,2红,典藏5红,4红,典藏2红,5红,典藏5红,典藏2红,典藏5红,典藏5红,3红,典藏5红,典藏5红,典藏5红,典藏5红,5红,5红,典藏5红,3红,3红,典藏5红,"桃园结义,深藏若虚,雁行阵,藏器待时,鉴时审势","御策,治军,回元,破势","page.goto: Target page, context or browser has been closed"
1780408454350867,已霸业，满红动态嘟嘟弓，温侯弓,5800,成品号,是,犀游,世家10服 悬虱学射/PK25109,PK25109,https://www.jiaoyimao.com/jg1009207/1780408454350867.html?isGray=true,在售,2026-06-17 16:17:05,2026-06-18 11:09:44,2026-06-18 11:35:37,554,75,74,48,158,117,29,0,0,4红,0,0,0,1红,0,0红,5红,0,0,0红,1红,3红,1红,1红,0红,0红,5红,0,0,典藏2红,0,0,0,3红,典藏0红,0红,0,0红,2红,2红,0,0红,典藏0红,0,1红,4红,1红,1红,典藏4红,0,0,"桃园结义,深藏若虚,刚柔并济,以寡敌众,鱼鳞阵,藏器待时,鉴时审势,灵机一动,上兵伐谋,婴城自守,功不唐捐,万军夺帅","御策,治军,武圣,破势,奇算","page.goto: Target page, context or browser has been closed"
1781709472343123,五千区段新区 满红乱杀 装备好,9350,成品号,是,九游,4613服 肺腑之交/PK25126,PK25126,https://www.jiaoyimao.com/jg1009207/1781709472343123.html?isGray=true,在售,2026-06-18 04:55:40,2026-06-18 11:09:44,2026-06-18 11:35:37,1503,65,107,126,152,112,47,0,0,典藏0红,1红,0红,典藏0红,0,4红,5红,3红,典藏5红,典藏4红,1红,0红,典藏5红,0,典藏4红,典藏5红,5红,5红,典藏5红,典藏5红,典藏5红,典藏5红,3红,典藏5红,0,0,0红,0红,典藏5红,2红,5红,0红,典藏5红,典藏1红,典藏5红,0红,0,0,典藏5红,典藏4红,2红,1红,"桃园结义,深藏若虚,刚柔并济,鉴时审势","御策,治军,回元,破势,奇算","page.goto: Target page, context or browser has been closed"
1778225187708185,有求贤满红三幻神带两个满红A8,29999,成品号,是,九游,5017服 稳操左券/PK25146,PK25146,https://www.jiaoyimao.com/jg1009207/1778225187708185.html?isGray=true,在售,2026-06-16 20:00:17,2026-06-18 11:09:44,2026-06-18 11:35:37,615,78,112,144,211,149,64,0,0,典藏1红,典藏5红,5红,0红,5红,典藏5红,典藏5红,5红,典藏5红,典藏5红,5红,5红,典藏3红,5红,典藏2红,典藏5红,典藏3红,5红,典藏5红,典藏5红,典藏5红,5红,5红,典藏5红,5红,典藏5红,5红,典藏5红,典藏5红,典藏5红,典藏5红,典藏5红,典藏5红,典藏1红,5红,5红,5红,0红,典藏0红,5红,5红,典藏5红,深藏若虚,"御策,治军,回元,破势","page.goto: Target page, context or browser has been closed"
1780975318910357,四幻神白虎城求贤将满,34888,成品号,是,OPPO,3123服 患难与共/PK25084,PK25084,https://www.jiaoyimao.com/jg1009207/1780975318910357.html?isGray=true,在售,2026-06-17 17:44:49,2026-06-18 11:09:44,2026-06-18 11:35:37,3683,54,104,107,121,97,58,典藏3红,典藏4红,典藏0红,典藏5红,5红,典藏1红,5红,典藏5红,5红,1红,典藏5红,典藏5红,0红,5红,典藏0红,4红,0,典藏5红,典藏4红,1红,1红,3红,典藏5红,典藏5红,5红,典藏5红,5红,典藏5红,1红,典藏5红,典藏5红,典藏5红,典藏5红,0,3红,5红,典藏5红,5红,5红,5红,0红,典藏1红,5红,5红,,"御策,治军,回元,破势","page.goto: Target page, context or browser has been closed"
1781102060562175,皇马枪丨闭月弓丨核弹张丨北伐,1388,成品号,是,九游,2356服 恻隐之心/PK21296,PK21296,https://www.jiaoyimao.com/jg1009207/1781102060562175.html?isGray=true,在售,2026-06-12 15:19:06,2026-06-18 11:09:44,2026-06-18 11:35:37,1027,30,95,107,83,62,26,0,0,0,0,0红,典藏3红,0,3红,典藏4红,1红,典藏1红,0,0,0,0红,0,1红,典藏2红,0,0红,0,典藏1红,典藏3红,5红,0红,典藏5红,2红,典藏2红,0红,0红,0,典藏3红,4红,0,典藏0红,典藏0红,3红,5红,4红,0,0,0,0,0,"雁行阵,刚柔并济,鉴时审势,上兵伐谋,婴城自守,守望相助","御策,治军,回元,武圣,破势,奇算","page.goto: Target page, context or browser has been closed"
1779440732918596,无惧富贵骑丨藏器法官丨一万八珠,1300,成品号,是,九游,3624服 兴兵雪恨/PK25089,PK25089,https://www.jiaoyimao.com/jg1009207/1779440732918596.html?isGray=true,在售,2026-06-12 15:21:48,2026-06-18 11:09:44,2026-06-18 11:35:37,23022,33,85,136,63,58,27,0,0,0,典藏3红,0红,典藏0红,0红,0,0,0红,典藏3红,典藏5红,1红,5红,0,1红,典藏0红,0,0,0,0红,典藏0红,0,3红,0红,1红,0,0,0红,0,0,典藏3红,1红,0,0,典藏1红,0红,0红,0,0,1红,0红,0红,典藏5红,"桃园结义,深藏若虚,雁行阵,刚柔并济,临危救主,解烦卫,鉴时审势,众志成城,功不唐捐,万军夺帅,守望相助","御策,治军,回元,奇算","page.goto: Target page, context or browser has been closed"
1781331668518370,至臻抽32次动态典藏皮肤多万金,4799,成品号,是,九游,1936服 依翠偎红/PK25042,PK25042,https://www.jiaoyimao.com/jg1009207/1781331668518370.html?isGray=true,在售,2026-06-17 12:08:40,2026-06-18 11:09:44,2026-06-18 11:35:37,14492,61,109,194,153,108,39,0,0,0,3红,典藏2红,0,4红,1红,1红,3红,0红,0红,0,0,典藏1红,0红,0,典藏4红,典藏5红,5红,5红,典藏2红,0红,0红,0,2红,2红,典藏1红,0,2红,典藏5红,5红,典藏4红,0,典藏5红,3红,3红,5红,2红,1红,典藏0红,0,0红,典藏4红,"深藏若虚,雁行阵,鱼鳞阵,藏器待时,鉴时审势,灵机一动,守望相助","御策,治军,回元,破势,奇算","page.goto: Target page, context or browser has been closed"
1778424738928351,极品欧皇号,12500,成品号,是,犀游,争霸317服||湖北/PK19286,PK19286,https://www.jiaoyimao.com/jg1009207/1778424738928351.html?isGray=true,在售,2026-05-31 22:40:16,2026-06-18 11:09:44,2026-06-18 11:35:37,3971,71,108,109,168,124,43,0,0,0,0,0,5红,1红,典藏2红,0,5红,典藏5红,典藏2红,5红,5红,1红,5红,5红,典藏0红,5红,5红,典藏3红,典藏5红,典藏5红,5红,1红,0,0,0,5红,0红,5红,0红,5红,0,典藏1红,典藏5红,3红,1红,5红,4红,典藏4红,典藏5红,0,1红,"雁行阵,刚柔并济,以寡敌众,藏器待时,鉴时审势,上兵伐谋,万军夺帅,守望相助","御策,治军,破势,奇算","page.goto: Target page, context or browser has been closed"
1780839246929615,看装备战法共存 马上山河令,6800,成品号,是,九游,3184服 拾金不昧/PK25081,PK25081,https://www.jiaoyimao.com/jg1009207/1780839246929615.html?isGray=true,在售,2026-06-07 22:14:21,2026-06-18 11:09:44,2026-06-18 11:35:37,27644,42,109,197,123,81,41,0,0,0,4红,典藏2红,0红,4红,0,典藏1红,0红,典藏2红,典藏3红,4红,0,0红,0红,0红,典藏3红,典藏5红,5红,2红,典藏2红,典藏5红,典藏5红,0红,典藏5红,0红,典藏2红,5红,典藏3红,0红,典藏5红,5红,0,典藏5红,4红,3红,0红,0红,0,2红,典藏5红,0红,典藏5红,"桃园结义,刚柔并济,临危救主,解烦卫,藏器待时,守望相助","御策,治军,回元,破势","page.goto: Target page, context or browser has been closed"
1781500970978395,白虎框，满红满动态嘟嘟弓太尉盾,1520,成品号,是,九游,2287服 明哲保身/PK21296,PK21296,https://www.jiaoyimao.com/jg1009207/1781500970978395.html?isGray=true,在售,,2026-06-18 11:09:44,2026-06-18 11:35:37,,,,,,,,,,,,,,,,,,,,,,,,,,,,,,,,,,,,,,,,,,,,,,,,,,,,,,"page.goto: Target page, context or browser has been closed"
1771854517791875,有年卡 一手玩儿下来的,3800,成品号,是,九游,4641服 发言盈庭/PK25130,PK25130,https://www.jiaoyimao.com/jg1009207/1771854517791875.html?isGray=true,在售,,2026-06-18 11:09:44,2026-06-18 11:35:37,,,,,,,,,,,,,,,,,,,,,,,,,,,,,,,,,,,,,,,,,,,,,,,,,,,,,,"page.goto: Target page, context or browser has been closed"
1781080808067069,全典法官盾丨富贵骑丨北伐枪,2888,成品号,是,九游,4006服 帽子戏法/PK19276,PK19276,https://www.jiaoyimao.com/jg1009207/1781080808067069.html?isGray=true,在售,,2026-06-18 11:09:44,2026-06-18 11:35:37,,,,,,,,,,,,,,,,,,,,,,,,,,,,,,,,,,,,,,,,,,,,,,,,,,,,,,"page.goto: Target page, context or browser has been closed"
1781704418398260,全典藏高红法官,2400,成品号,是,九游,4931服 因利乘便/PK25128,PK25128,https://www.jiaoyimao.com/jg1009207/1781704418398260.html?isGray=true,在售,,2026-06-18 11:09:44,2026-06-18 11:35:37,,,,,,,,,,,,,,,,,,,,,,,,,,,,,,,,,,,,,,,,,,,,,,,,,,,,,,"page.goto: Target page, context or browser has been closed"
1781225607642707,满红a8，龙虎结束后可跨,5300,成品号,是,九游,5596服 雷霆之怒/PK25121,PK25121,https://www.jiaoyimao.com/jg1009207/1781225607642707.html?isGray=true,在售,,2026-06-18 11:09:44,2026-06-18 11:35:37,,,,,,,,,,,,,,,,,,,,,,,,,,,,,,,,,,,,,,,,,,,,,,,,,,,,,,"page.goto: Target page, context or browser has been closed"
1781525641293975,贡献前20霸业稳满到法正卡池厚,31000,成品号,是,九游,2916服 攘外安内/PK25163,PK25163,https://www.jiaoyimao.com/jg1009207/1781525641293975.html?isGray=true,在售,,2026-06-18 11:09:44,2026-06-18 11:35:37,,,,,,,,,,,,,,,,,,,,,,,,,,,,,,,,,,,,,,,,,,,,,,,,,,,,,,"page.goto: Target page, context or browser has been closed"
1780233432257493,满红满点都督、太尉、慷慨求贤满,3000,成品号,是,犀游,5407服 顺心遂意/PK25116,PK25116,https://www.jiaoyimao.com/jg1009207/1780233432257493.html?isGray=true,在售,,2026-06-18 11:09:44,2026-06-18 11:35:37,,,,,,,,,,,,,,,,,,,,,,,,,,,,,,,,,,,,,,,,,,,,,,,,,,,,,,"page.goto: Target page, context or browser has been closed"
1776142372916633,战功第一 贡献第一,1299,成品号,是,九游,3362服 归心似箭/PK19282,PK19282,https://www.jiaoyimao.com/jg1009207/1776142372916633.html?isGray=true,在售,,2026-06-18 11:09:44,2026-06-18 11:35:37,,,,,,,,,,,,,,,,,,,,,,,,,,,,,,,,,,,,,,,,,,,,,,,,,,,,,,"page.goto: Target page, context or browser has been closed"
1781403371387478,韬晦全装备皇马可跨5152区段,8300,成品号,是,九游,4584服 孤云野鹤/PK21292,PK21292,https://www.jiaoyimao.com/jg1009207/1781403371387478.html?isGray=true,在售,,2026-06-18 11:09:44,2026-06-18 11:35:37,,,,,,,,,,,,,,,,,,,,,,,,,,,,,,,,,,,,,,,,,,,,,,,,,,,,,,"page.goto: Target page, context or browser has been closed"
1781706863230623,皇马枪丨北伐枪丨鉴时富贵,1750,成品号,是,九游,4953服 戮力上国/PK21293,PK21293,https://www.jiaoyimao.com/jg1009207/1781706863230623.html?isGray=true,在售,,2026-06-18 11:09:44,2026-06-18 11:35:37,,,,,,,,,,,,,,,,,,,,,,,,,,,,,,,,,,,,,,,,,,,,,,,,,,,,,,"page.goto: Target page, context or browser has been closed"
1779336374805984,挂猫出橙嘛,1050,成品号,是,九游,1690服 见贤思齐/PK25047,PK25047,https://www.jiaoyimao.com/jg1009207/1779336374805984.html?isGray=true,在售,,2026-06-18 11:09:44,2026-06-18 11:35:37,,,,,,,,,,,,,,,,,,,,,,,,,,,,,,,,,,,,,,,,,,,,,,,,,,,,,,"page.goto: Target page, context or browser has been closed"
1780280105560187,7k拍下议价拿走满红皇马有韬晦,11800,成品号,是,九游,4461服 镂心刻骨/PK25127,PK25127,https://www.jiaoyimao.com/jg1009207/1780280105560187.html?isGray=true,在售,,2026-06-18 11:09:44,2026-06-18 11:35:37,,,,,,,,,,,,,,,,,,,,,,,,,,,,,,,,,,,,,,,,,,,,,,,,,,,,,,"page.goto: Target page, context or browser has been closed"
1780494982414486,满红北伐，半红法正，陶慧,1266,成品号,是,小米,4713服 大鹏展翅/PK25134,PK25134,https://www.jiaoyimao.com/jg1009207/1780494982414486.html?isGray=true,在售,,2026-06-18 11:09:44,2026-06-18 11:35:37,,,,,,,,,,,,,,,,,,,,,,,,,,,,,,,,,,,,,,,,,,,,,,,,,,,,,,"page.goto: Target page, context or browser has been closed"
1754019248770011,心血号，皮肤令牌1个,55000,成品号,是,小米,340服 势如羽翼/PK25024,PK25024,https://www.jiaoyimao.com/jg1009207/1754019248770011.html?isGray=true,在售,,2026-06-18 11:09:44,2026-06-18 11:35:37,,,,,,,,,,,,,,,,,,,,,,,,,,,,,,,,,,,,,,,,,,,,,,,,,,,,,,"page.goto: Target page, context or browser has been closed"
1778666823057727,挂猫出黄金,1800,成品号,是,九游,4743服 大兴土木/PK19293,PK19293,https://www.jiaoyimao.com/jg1009207/1778666823057727.html?isGray=true,在售,,2026-06-18 11:09:44,2026-06-18 11:35:37,,,,,,,,,,,,,,,,,,,,,,,,,,,,,,,,,,,,,,,,,,,,,,,,,,,,,,"page.goto: Target page, context or browser has been closed"
1779371322962425,全员典藏四幻神加两臻品皮肤,34500,成品号,是,九游,3791服 铮铮铁骨/PK19274,PK19274,https://www.jiaoyimao.com/jg1009207/1779371322962425.html?isGray=true,在售,,2026-06-18 11:09:44,2026-06-18 11:35:37,,,,,,,,,,,,,,,,,,,,,,,,,,,,,,,,,,,,,,,,,,,,,,,,,,,,,,"page.goto: Target page, context or browser has been closed"
1781503595409603,满红皇马。求贤快满，多对满红,2500,成品号,是,九游,501服 治兵利气/PK19267,PK19267,https://www.jiaoyimao.com/jg1009207/1781503595409603.html?isGray=true,在售,,2026-06-18 11:09:44,2026-06-18 11:35:37,,,,,,,,,,,,,,,,,,,,,,,,,,,,,,,,,,,,,,,,,,,,,,,,,,,,,,"page.goto: Target page, context or browser has been closed"
1780502375959714,双角色满到马岱王异无瑕11赛季,45888,成品号,是,小米,5333服 襟怀洒落/PK20348,PK20348,https://www.jiaoyimao.com/jg1009207/1780502375959714.html?isGray=true,在售,,2026-06-18 11:09:44,2026-06-18 11:35:37,,,,,,,,,,,,,,,,,,,,,,,,,,,,,,,,,,,,,,,,,,,,,,,,,,,,,,"page.goto: Target page, context or browser has been closed"
1781277218211271,满红皇马麒麟群弓｜吴骑北伐,2400,成品号,是,九游,2906服 励精图治/PK25181,PK25181,https://www.jiaoyimao.com/jg1009207/1781277218211271.html?isGray=true,在售,,2026-06-18 11:09:44,2026-06-18 11:35:37,,,,,,,,,,,,,,,,,,,,,,,,,,,,,,,,,,,,,,,,,,,,,,,,,,,,,,"page.goto: Target page, context or browser has been closed"
1780635984055304,五谋骑丨藏器马岱关丨有回溯,3388,成品号,是,九游,775服 生花妙笔/PK25045,PK25045,https://www.jiaoyimao.com/jg1009207/1780635984055304.html?isGray=true,在售,,2026-06-18 11:09:44,2026-06-18 11:35:37,,,,,,,,,,,,,,,,,,,,,,,,,,,,,,,,,,,,,,,,,,,,,,,,,,,,,,"page.goto: Target page, context or browser has been closed"
1781079848493909,富贵骑法官盾，皮肤多，队伍多,4500,成品号,是,OPPO,1823服 神融气泰/PK25017,PK25017,https://www.jiaoyimao.com/jg1009207/1781079848493909.html?isGray=true,在售,,2026-06-18 11:09:44,2026-06-18 11:35:37,,,,,,,,,,,,,,,,,,,,,,,,,,,,,,,,,,,,,,,,,,,,,,,,,,,,,,"page.goto: Target page, context or browser has been closed"
1781305841575035,满红法官，法正智力630,6800,成品号,是,九游,3785服 昂首挺胸/PK25057,PK25057,https://www.jiaoyimao.com/jg1009207/1781305841575035.html?isGray=true,在售,,2026-06-18 11:09:44,2026-06-18 11:35:37,,,,,,,,,,,,,,,,,,,,,,,,,,,,,,,,,,,,,,,,,,,,,,,,,,,,,,"page.goto: Target page, context or browser has been closed"
1780805928268043,满典红王道汉弓等于白送!!!!,32100,成品号,是,九游,2580服 趋利避害/PK25155,PK25155,https://www.jiaoyimao.com/jg1009207/1780805928268043.html?isGray=true,在售,,2026-06-18 11:09:44,2026-06-18 11:35:37,,,,,,,,,,,,,,,,,,,,,,,,,,,,,,,,,,,,,,,,,,,,,,,,,,,,,,"page.goto: Target page, context or browser has been closed"
1781354366133767,鉴时富贵丨满红吴骑丨群弓丨皇马,1700,成品号,是,九游,争霸166服||湖南/PK19297,PK19297,https://www.jiaoyimao.com/jg1009207/1781354366133767.html?isGray=true,在售,,2026-06-18 11:09:44,2026-06-18 11:35:37,,,,,,,,,,,,,,,,,,,,,,,,,,,,,,,,,,,,,,,,,,,,,,,,,,,,,,"page.goto: Target page, context or browser has been closed"
1781698337374306,满红动太尉盾，满红僚机，红社稷,1348,成品号,是,九游,4584服 孤云野鹤/PK25143,PK25143,https://www.jiaoyimao.com/jg1009207/1781698337374306.html?isGray=true,在售,,2026-06-18 11:09:44,2026-06-18 11:35:37,,,,,,,,,,,,,,,,,,,,,,,,,,,,,,,,,,,,,,,,,,,,,,,,,,,,,,"page.goto: Target page, context or browser has been closed"
1775653312949981,高满红队伍，战功多多,2588,成品号,是,九游,5020服 一衣带水/PK25128,PK25128,https://www.jiaoyimao.com/jg1009207/1775653312949981.html?isGray=true,在售,,2026-06-18 11:09:44,2026-06-18 11:35:37,,,,,,,,,,,,,,,,,,,,,,,,,,,,,,,,,,,,,,,,,,,,,,,,,,,,,,"page.goto: Target page, context or browser has been closed"
1780848409369161,藏器法官，有马岱,4500,成品号,是,九游,1760服 霜华乱舞/PK19267,PK19267,https://www.jiaoyimao.com/jg1009207/1780848409369161.html?isGray=true,在售,,2026-06-18 11:09:44,2026-06-18 11:35:37,,,,,,,,,,,,,,,,,,,,,,,,,,,,,,,,,,,,,,,,,,,,,,,,,,,,,,"page.goto: Target page, context or browser has been closed"
1781521512154352,满红藏器法关没时间玩了便宜出,11201,成品号,是,小米,4615服 发策决科/PK19289,PK19289,https://www.jiaoyimao.com/jg1009207/1781521512154352.html?isGray=true,在售,,2026-06-18 11:09:44,2026-06-18 11:35:37,,,,,,,,,,,,,,,,,,,,,,,,,,,,,,,,,,,,,,,,,,,,,,,,,,,,,,"page.goto: Target page, context or browser has been closed"
1780906551266532,满红马岱法官潜龙貂蝉有大跨,10600,成品号,是,小米,湖南4服 石鼓书院/PK25210,PK25210,https://www.jiaoyimao.com/jg1009207/1780906551266532.html?isGray=true,在售,,2026-06-18 11:09:44,2026-06-18 11:35:37,,,,,,,,,,,,,,,,,,,,,,,,,,,,,,,,,,,,,,,,,,,,,,,,,,,,,,"page.goto: Target page, context or browser has been closed"
1778310604401260,五谋太尉皇马法官藏器待时已换好,1542,成品号,是,九游,4005服 蹈厉奋发/PK25055,PK25055,https://www.jiaoyimao.com/jg1009207/1778310604401260.html?isGray=true,在售,,2026-06-18 11:09:44,2026-06-18 11:35:37,,,,,,,,,,,,,,,,,,,,,,,,,,,,,,,,,,,,,,,,,,,,,,,,,,,,,,"page.goto: Target page, context or browser has been closed"
1781602526080914,四幻神底子号典藏拒马肚子里有货,1212,成品号,是,九游,3465服 含辛茹苦/PK25082,PK25082,https://www.jiaoyimao.com/jg1009207/1781602526080914.html?isGray=true,在售,,2026-06-18 11:09:44,2026-06-18 11:35:37,,,,,,,,,,,,,,,,,,,,,,,,,,,,,,,,,,,,,,,,,,,,,,,,,,,,,,"page.goto: Target page, context or browser has been closed"
1781583670837186,四幻神典藏曹操,32799,成品号,是,九游,4838服 挑灯看剑/PK25127,PK25127,https://www.jiaoyimao.com/jg1009207/1781583670837186.html?isGray=true,在售,,2026-06-18 11:09:44,2026-06-18 11:35:37,,,,,,,,,,,,,,,,,,,,,,,,,,,,,,,,,,,,,,,,,,,,,,,,,,,,,,"page.goto: Target page, context or browser has been closed"
1781023644500239,皇马枪丨北伐枪丨吴骑丨万金珠,1888,成品号,是,九游,404服 烽火连天/PK25019,PK25019,https://www.jiaoyimao.com/jg1009207/1781023644500239.html?isGray=true,在售,,2026-06-18 11:09:44,2026-06-18 11:35:37,,,,,,,,,,,,,,,,,,,,,,,,,,,,,,,,,,,,,,,,,,,,,,,,,,,,,,"page.goto: Target page, context or browser has been closed"
1781517605764769,满典皇马郊区已经霸业,1909,成品号,是,九游,3419服 惊天动地/PK25091,PK25091,https://www.jiaoyimao.com/jg1009207/1781517605764769.html?isGray=true,在售,,2026-06-18 11:09:44,2026-06-18 11:35:37,,,,,,,,,,,,,,,,,,,,,,,,,,,,,,,,,,,,,,,,,,,,,,,,,,,,,,"page.goto: Target page, context or browser has been closed"
1760608722918510,晚上10点500出,8500,成品号,是,OPPO,2900服 拔新领异/PK25165,PK25165,https://www.jiaoyimao.com/jg1009207/1760608722918510.html?isGray=true,在售,,2026-06-18 11:09:44,2026-06-18 11:35:37,,,,,,,,,,,,,,,,,,,,,,,,,,,,,,,,,,,,,,,,,,,,,,,,,,,,,,"page.goto: Target page, context or browser has been closed"
1777690775697485,全动态五谋价格不过分就出,1000,成品号,是,九游,4013服 昂然自得/PK21286,PK21286,https://www.jiaoyimao.com/jg1009207/1777690775697485.html?isGray=true,在售,,2026-06-18 11:09:44,2026-06-18 11:35:37,,,,,,,,,,,,,,,,,,,,,,,,,,,,,,,,,,,,,,,,,,,,,,,,,,,,,,"page.goto: Target page, context or browser has been closed"
1776859646240908,高红皇马 五谋神火枪网红枪法官,1799,成品号,是,九游,5384服 五彩斑斓/PK20349,PK20349,https://www.jiaoyimao.com/jg1009207/1776859646240908.html?isGray=true,在售,,2026-06-18 11:09:44,2026-06-18 11:35:37,,,,,,,,,,,,,,,,,,,,,,,,,,,,,,,,,,,,,,,,,,,,,,,,,,,,,,"page.goto: Target page, context or browser has been closed"
1779190000072701,8赛季区满红皇马神威疾驰雍雅,2868,成品号,是,九游,争霸334服||东北/PK19285,PK19285,https://www.jiaoyimao.com/jg1009207/1779190000072701.html?isGray=true,在售,,2026-06-18 11:09:44,2026-06-18 11:35:37,,,,,,,,,,,,,,,,,,,,,,,,,,,,,,,,,,,,,,,,,,,,,,,,,,,,,,"page.goto: Target page, context or browser has been closed"
1744639454114461,地奴优质号,1600,成品号,是,九游,3521服 瑕不掩瑜/PK19281,PK19281,https://www.jiaoyimao.com/jg1009207/1744639454114461.html?isGray=true,在售,,2026-06-18 11:09:44,2026-06-18 11:35:37,,,,,,,,,,,,,,,,,,,,,,,,,,,,,,,,,,,,,,,,,,,,,,,,,,,,,,"page.goto: Target page, context or browser has been closed"
1775145267886275,麒麟弓有游龙卡框，带五万金珠,1768,成品号,是,九游,2443服 雄心壮志/PK25161,PK25161,https://www.jiaoyimao.com/jg1009207/1775145267886275.html?isGray=true,在售,,2026-06-18 11:09:44,2026-06-18 11:35:37,,,,,,,,,,,,,,,,,,,,,,,,,,,,,,,,,,,,,,,,,,,,,,,,,,,,,,"page.goto: Target page, context or browser has been closed"
1781686020234567,来看一看吧,1088,成品号,是,九游,5031服 工力悉敌/PK25140,PK25140,https://www.jiaoyimao.com/jg1009207/1781686020234567.html?isGray=true,在售,,2026-06-18 11:09:44,2026-06-18 11:35:37,,,,,,,,,,,,,,,,,,,,,,,,,,,,,,,,,,,,,,,,,,,,,,,,,,,,,,"page.goto: Target page, context or browser has been closed"
1760333901289559,皇马枪北伐核弹张五谋骑,2100,成品号,是,九游,3767服 朝歌夜弦/PK25056,PK25056,https://www.jiaoyimao.com/jg1009207/1760333901289559.html?isGray=true,在售,,2026-06-18 11:09:44,2026-06-18 11:35:37,,,,,,,,,,,,,,,,,,,,,,,,,,,,,,,,,,,,,,,,,,,,,,,,,,,,,,"page.goto: Target page, context or browser has been closed"
1781406408912216,满红黑马多对高红可5300区段,2300,成品号,是,九游,云贵8服 青龙峡/PK25207,PK25207,https://www.jiaoyimao.com/jg1009207/1781406408912216.html?isGray=true,在售,,2026-06-18 11:09:44,2026-06-18 11:35:37,,,,,,,,,,,,,,,,,,,,,,,,,,,,,,,,,,,,,,,,,,,,,,,,,,,,,,"page.goto: Target page, context or browser has been closed"
1779026239442930,S2都有，满红太慰，庞统香香,1600,成品号,是,九游,3015服 头头是道/PK21301,PK21301,https://www.jiaoyimao.com/jg1009207/1779026239442930.html?isGray=true,在售,,2026-06-18 11:09:44,2026-06-18 11:35:37,,,,,,,,,,,,,,,,,,,,,,,,,,,,,,,,,,,,,,,,,,,,,,,,,,,,,,"page.goto: Target page, context or browser has been closed"
1781138157089911,满红满特技,1688,成品号,是,九游,5536服 白虎星君/PK25105,PK25105,https://www.jiaoyimao.com/jg1009207/1781138157089911.html?isGray=true,在售,,2026-06-18 11:09:44,2026-06-18 11:35:37,,,,,,,,,,,,,,,,,,,,,,,,,,,,,,,,,,,,,,,,,,,,,,,,,,,,,,"page.goto: Target page, context or browser has been closed"
1781590825554949,半红sp关羽各种微红,1500,成品号,是,九游,2311服 百废俱兴/PK25160,PK25160,https://www.jiaoyimao.com/jg1009207/1781590825554949.html?isGray=true,在售,,2026-06-18 11:09:44,2026-06-18 11:35:37,,,,,,,,,,,,,,,,,,,,,,,,,,,,,,,,,,,,,,,,,,,,,,,,,,,,,,"page.goto: Target page, context or browser has been closed"
1780981902854020,极品老A8，求贤将满,2888,成品号,是,九游,4636服 新生代故/PK25129,PK25129,https://www.jiaoyimao.com/jg1009207/1780981902854020.html?isGray=true,在售,,2026-06-18 11:09:44,2026-06-18 11:35:37,,,,,,,,,,,,,,,,,,,,,,,,,,,,,,,,,,,,,,,,,,,,,,,,,,,,,,"page.goto: Target page, context or browser has been closed"
1781673973494016,开荒神队战功不愁,1200,成品号,是,九游,836服 枪出如龙/PK25031,PK25031,https://www.jiaoyimao.com/jg1009207/1781673973494016.html?isGray=true,在售,,2026-06-18 11:09:44,2026-06-18 11:35:37,,,,,,,,,,,,,,,,,,,,,,,,,,,,,,,,,,,,,,,,,,,,,,,,,,,,,,"page.goto: Target page, context or browser has been closed"
1773513669444045,4幻神带铭牌看描述,44888,成品号,是,九游,4709服 大是大非/PK25133,PK25133,https://www.jiaoyimao.com/jg1009207/1773513669444045.html?isGray=true,在售,,2026-06-18 11:09:44,2026-06-18 11:35:37,,,,,,,,,,,,,,,,,,,,,,,,,,,,,,,,,,,,,,,,,,,,,,,,,,,,,,"page.goto: Target page, context or browser has been closed"
1781625288326905,满红皇马法官马上求贤可大跨,8888,成品号,是,小米,2438服 余音袅袅/PK25155,PK25155,https://www.jiaoyimao.com/jg1009207/1781625288326905.html?isGray=true,在售,,2026-06-18 11:09:44,2026-06-18 11:35:37,,,,,,,,,,,,,,,,,,,,,,,,,,,,,,,,,,,,,,,,,,,,,,,,,,,,,,"page.goto: Target page, context or browser has been closed"
1780210517907015,满红多，还有点红皇马半红富贵,1008,成品号,是,九游,3003服 琼楼玉宇/PK21296,PK21296,https://www.jiaoyimao.com/jg1009207/1780210517907015.html?isGray=true,在售,,2026-06-18 11:09:44,2026-06-18 11:35:37,,,,,,,,,,,,,,,,,,,,,,,,,,,,,,,,,,,,,,,,,,,,,,,,,,,,,,"page.goto: Target page, context or browser has been closed"
1779896450725634,奸雄剑丨富贵骑丨皇马枪丨3w珠,11100,成品号,是,九游,3930服 泛湖观景/PK19275,PK19275,https://www.jiaoyimao.com/jg1009207/1779896450725634.html?isGray=true,在售,,2026-06-18 11:09:44,2026-06-18 11:35:37,,,,,,,,,,,,,,,,,,,,,,,,,,,,,,,,,,,,,,,,,,,,,,,,,,,,,,"page.goto: Target page, context or browser has been closed"
1779279905524948,边玩变卖有意向的速度了,1600,成品号,是,九游,4709服 大是大非/PK25137,PK25137,https://www.jiaoyimao.com/jg1009207/1779279905524948.html?isGray=true,在售,,2026-06-18 11:09:44,2026-06-18 11:35:37,,,,,,,,,,,,,,,,,,,,,,,,,,,,,,,,,,,,,,,,,,,,,,,,,,,,,,"page.goto: Target page, context or browser has been closed"
1781320118643302,满红嘟嘟弓,3000,成品号,是,九游,5708服 江东眷影/PK25188,PK25188,https://www.jiaoyimao.com/jg1009207/1781320118643302.html?isGray=true,在售,,2026-06-18 11:09:44,2026-06-18 11:35:37,,,,,,,,,,,,,,,,,,,,,,,,,,,,,,,,,,,,,,,,,,,,,,,,,,,,,,"page.goto: Target page, context or browser has been closed"
1729481603501546,赛季刚开始，开关打地中,2000,成品号,是,九游,广东3服 丹霞山/PK25203,PK25203,https://www.jiaoyimao.com/jg1009207/1729481603501546.html?isGray=true,在售,,2026-06-18 11:09:44,2026-06-18 11:35:37,,,,,,,,,,,,,,,,,,,,,,,,,,,,,,,,,,,,,,,,,,,,,,,,,,,,,,"page.goto: Target page, context or browser has been closed"
1779457704211600,5K速出满特技皇马多队，加客服,9100,成品号,是,九游,4906服 扶危定倾/PK19291,PK19291,https://www.jiaoyimao.com/jg1009207/1779457704211600.html?isGray=true,在售,,2026-06-18 11:09:44,2026-06-18 11:35:37,,,,,,,,,,,,,,,,,,,,,,,,,,,,,,,,,,,,,,,,,,,,,,,,,,,,,,"page.goto: Target page, context or browser has been closed"
1780942496431095,高满幻神、专属装备、皮肤多多,6888,成品号,是,九游,4194服 天高地迥/PK25143,PK25143,https://www.jiaoyimao.com/jg1009207/1780942496431095.html?isGray=true,在售,,2026-06-18 11:09:44,2026-06-18 11:35:37,,,,,,,,,,,,,,,,,,,,,,,,,,,,,,,,,,,,,,,,,,,,,,,,,,,,,,"page.goto: Target page, context or browser has been closed"
1779354465162247,，，，，，,3000,成品号,是,九游,争霸96服||河北/PK25207,PK25207,https://www.jiaoyimao.com/jg1009207/1779354465162247.html?isGray=true,在售,,2026-06-18 11:09:44,2026-06-18 11:35:37,,,,,,,,,,,,,,,,,,,,,,,,,,,,,,,,,,,,,,,,,,,,,,,,,,,,,,"page.goto: Target page, context or browser has been closed"
1778814620143694,高红北伐，核弹朱，有霸业,1399,成品号,是,九游,4225服 岁序更新/PK25135,PK25135,https://www.jiaoyimao.com/jg1009207/1778814620143694.html?isGray=true,在售,,2026-06-18 11:09:44,2026-06-18 11:35:37,,,,,,,,,,,,,,,,,,,,,,,,,,,,,,,,,,,,,,,,,,,,,,,,,,,,,,"page.goto: Target page, context or browser has been closed"
1759618472139043,系统最低价，可刀,5200,成品号,是,九游,4709服 大是大非/PK25137,PK25137,https://www.jiaoyimao.com/jg1009207/1759618472139043.html?isGray=true,在售,,2026-06-18 11:09:44,2026-06-18 11:35:37,,,,,,,,,,,,,,,,,,,,,,,,,,,,,,,,,,,,,,,,,,,,,,,,,,,,,,"page.goto: Target page, context or browser has been closed"
1781677940938966,红法官满红多多,1420,成品号,是,九游,2359服 独步一时/PK21298,PK21298,https://www.jiaoyimao.com/jg1009207/1781677940938966.html?isGray=true,在售,,2026-06-18 11:09:44,2026-06-18 11:35:37,,,,,,,,,,,,,,,,,,,,,,,,,,,,,,,,,,,,,,,,,,,,,,,,,,,,,,"page.goto: Target page, context or browser has been closed"
1779793400718010,6W 珠半红五谋骑，满红闭月盾,1200,成品号,是,九游,3800服 精雕细镂/PK25059,PK25059,https://www.jiaoyimao.com/jg1009207/1779793400718010.html?isGray=true,在售,,2026-06-18 11:09:44,2026-06-18 11:35:37,,,,,,,,,,,,,,,,,,,,,,,,,,,,,,,,,,,,,,,,,,,,,,,,,,,,,,"page.goto: Target page, context or browser has been closed"
1763682798866033,不想玩了，议价合适就出,1670,成品号,是,九游,2359服 独步一时/PK21298,PK21298,https://www.jiaoyimao.com/jg1009207/1763682798866033.html?isGray=true,在售,,2026-06-18 11:09:44,2026-06-18 11:35:37,,,,,,,,,,,,,,,,,,,,,,,,,,,,,,,,,,,,,,,,,,,,,,,,,,,,,,"page.goto: Target page, context or browser has been closed"
1780933509960697,全装汉弓四幻深衣沉重肚陈宫夏侯,45333,成品号,是,九游,3604服 乱世才女/PK25055,PK25055,https://www.jiaoyimao.com/jg1009207/1780933509960697.html?isGray=true,在售,,2026-06-18 11:09:44,2026-06-18 11:35:37,,,,,,,,,,,,,,,,,,,,,,,,,,,,,,,,,,,,,,,,,,,,,,,,,,,,,,"page.goto: Target page, context or browser has been closed"
1780118695830998,满典皇马没时间玩，有大跨,7800,成品号,是,九游,2970服 风度翩翩/PK25176,PK25176,https://www.jiaoyimao.com/jg1009207/1780118695830998.html?isGray=true,在售,,2026-06-18 11:09:44,2026-06-18 11:35:37,,,,,,,,,,,,,,,,,,,,,,,,,,,,,,,,,,,,,,,,,,,,,,,,,,,,,,"page.goto: Target page, context or browser has been closed"
1780205379061611,退坑回归号,1549,成品号,是,九游,3420服 一如既往/PK25076,PK25076,https://www.jiaoyimao.com/jg1009207/1780205379061611.html?isGray=true,在售,,2026-06-18 11:09:44,2026-06-18 11:35:37,,,,,,,,,,,,,,,,,,,,,,,,,,,,,,,,,,,,,,,,,,,,,,,,,,,,,,"page.goto: Target page, context or browser has been closed"
1781521604131455,极品皮肤号 满配富贵1.3w珠,1999,成品号,是,九游,3629服 惊涛拍岸/PK25082,PK25082,https://www.jiaoyimao.com/jg1009207/1781521604131455.html?isGray=true,在售,,2026-06-18 11:09:44,2026-06-18 11:35:37,,,,,,,,,,,,,,,,,,,,,,,,,,,,,,,,,,,,,,,,,,,,,,,,,,,,,,"page.goto: Target page, context or browser has been closed"
1780715952543761,2万金高满幻神队,10200,成品号,是,九游,4578服 鼓舞人心/PK19296,PK19296,https://www.jiaoyimao.com/jg1009207/1780715952543761.html?isGray=true,在售,,2026-06-18 11:09:44,2026-06-18 11:35:37,,,,,,,,,,,,,,,,,,,,,,,,,,,,,,,,,,,,,,,,,,,,,,,,,,,,,,"page.goto: Target page, context or browser has been closed"
1760521667458156,不想玩了，给价就卖,2900,成品号,是,九游,5089服 相时而动/PK25092,PK25092,https://www.jiaoyimao.com/jg1009207/1760521667458156.html?isGray=true,在售,,2026-06-18 11:09:44,2026-06-18 11:35:37,,,,,,,,,,,,,,,,,,,,,,,,,,,,,,,,,,,,,,,,,,,,,,,,,,,,,,"page.goto: Target page, context or browser has been closed"
1779180269643189,战法全，装备好,34555,成品号,是,九游,2991服 戮力同心/PK24145,PK24145,https://www.jiaoyimao.com/jg1009207/1779180269643189.html?isGray=true,在售,,2026-06-18 11:09:44,2026-06-18 11:35:37,,,,,,,,,,,,,,,,,,,,,,,,,,,,,,,,,,,,,,,,,,,,,,,,,,,,,,"page.goto: Target page, context or browser has been closed"
1781504823283115,脏器SP关羽随便出了,1399,成品号,是,九游,5007服 不刊之论/PK25133,PK25133,https://www.jiaoyimao.com/jg1009207/1781504823283115.html?isGray=true,在售,,2026-06-18 11:09:44,2026-06-18 11:35:37,,,,,,,,,,,,,,,,,,,,,,,,,,,,,,,,,,,,,,,,,,,,,,,,,,,,,,"page.goto: Target page, context or browser has been closed"
1780716663708715,满典sp关羽满典女王，多满红,4500,成品号,是,九游,5172服 功唐不捐/PK25093,PK25093,https://www.jiaoyimao.com/jg1009207/1780716663708715.html?isGray=true,在售,,2026-06-18 11:09:44,2026-06-18 11:35:37,,,,,,,,,,,,,,,,,,,,,,,,,,,,,,,,,,,,,,,,,,,,,,,,,,,,,,"page.goto: Target page, context or browser has been closed"
1781098441716556,皇马太尉核弹北伐,5388,成品号,是,九游,4320服 鸱苕凤姿/PK21292,PK21292,https://www.jiaoyimao.com/jg1009207/1781098441716556.html?isGray=true,在售,,2026-06-18 11:09:44,2026-06-18 11:35:37,,,,,,,,,,,,,,,,,,,,,,,,,,,,,,,,,,,,,,,,,,,,,,,,,,,,,,"page.goto: Target page, context or browser has been closed"
1781241645749014,满红藏器法官、鉴时五谋,2500,成品号,是,九游,2529服 怡然自乐/PK25175,PK25175,https://www.jiaoyimao.com/jg1009207/1781241645749014.html?isGray=true,在售,,2026-06-18 11:09:44,2026-06-18 11:35:37,,,,,,,,,,,,,,,,,,,,,,,,,,,,,,,,,,,,,,,,,,,,,,,,,,,,,,"page.goto: Target page, context or browser has been closed"
1777039346611560,满特技吴骑，多队伍,1300,成品号,是,九游,4563服 豁然顿悟/PK19289,PK19289,https://www.jiaoyimao.com/jg1009207/1777039346611560.html?isGray=true,在售,,2026-06-18 11:09:44,2026-06-18 11:35:37,,,,,,,,,,,,,,,,,,,,,,,,,,,,,,,,,,,,,,,,,,,,,,,,,,,,,,"page.goto: Target page, context or browser has been closed"
1781496490252057,满红皇马枪大汉弓,39999,成品号,是,九游,2511服 言犹在耳/PK25166,PK25166,https://www.jiaoyimao.com/jg1009207/1781496490252057.html?isGray=true,在售,,2026-06-18 11:09:44,2026-06-18 11:35:37,,,,,,,,,,,,,,,,,,,,,,,,,,,,,,,,,,,,,,,,,,,,,,,,,,,,,,"page.goto: Target page, context or browser has been closed"
1775659071559512,太尉 核弹 闭月 核弹 双月卡,1558,成品号,是,九游,安徽5服 慈光阁/PK25207,PK25207,https://www.jiaoyimao.com/jg1009207/1775659071559512.html?isGray=true,在售,,2026-06-18 11:09:44,2026-06-18 11:35:37,,,,,,,,,,,,,,,,,,,,,,,,,,,,,,,,,,,,,,,,,,,,,,,,,,,,,,"page.goto: Target page, context or browser has been closed"
1780724195153174,新区三幻典藏卢植四红貂蝉,25888,成品号,是,九游,5172服 功唐不捐/PK25093,PK25093,https://www.jiaoyimao.com/jg1009207/1780724195153174.html?isGray=true,在售,,2026-06-18 11:09:44,2026-06-18 11:35:37,,,,,,,,,,,,,,,,,,,,,,,,,,,,,,,,,,,,,,,,,,,,,,,,,,,,,,"page.goto: Target page, context or browser has been closed"
1780214408640831,三幻神八队共存有韬晦,16999,成品号,是,九游,4107服 招风揽火/PK21285,PK21285,https://www.jiaoyimao.com/jg1009207/1780214408640831.html?isGray=true,在售,,2026-06-18 11:09:44,2026-06-18 11:35:37,,,,,,,,,,,,,,,,,,,,,,,,,,,,,,,,,,,,,,,,,,,,,,,,,,,,,,"page.goto: Target page, context or browser has been closed"
1781684453509731,太尉丨法官丨都督丨核弹张丨温侯,1388,成品号,是,九游,2949服 落落大方/PK21298,PK21298,https://www.jiaoyimao.com/jg1009207/1781684453509731.html?isGray=true,在售,,2026-06-18 11:09:44,2026-06-18 11:35:37,,,,,,,,,,,,,,,,,,,,,,,,,,,,,,,,,,,,,,,,,,,,,,,,,,,,,,"page.goto: Target page, context or browser has been closed"
1778480300323193,皇马、法官、嘟嘟、五谋，装备全,6000,成品号,是,九游,2771服 激流勇进/PK25157,PK25157,https://www.jiaoyimao.com/jg1009207/1778480300323193.html?isGray=true,在售,,2026-06-18 11:09:44,2026-06-18 11:35:37,,,,,,,,,,,,,,,,,,,,,,,,,,,,,,,,,,,,,,,,,,,,,,,,,,,,,,"page.goto: Target page, context or browser has been closed"
1780550610172506,满红满典网红枪北伐枪群弓司马,1500,成品号,是,小米,4553服 芒寒色正/PK25134,PK25134,https://www.jiaoyimao.com/jg1009207/1780550610172506.html?isGray=true,在售,,2026-06-18 11:09:44,2026-06-18 11:35:37,,,,,,,,,,,,,,,,,,,,,,,,,,,,,,,,,,,,,,,,,,,,,,,,,,,,,,"page.goto: Target page, context or browser has been closed"
1724676686471724,满红号芝麻了 多特技 自己看,4500,成品号,是,九游,5004服 蔼然可亲/PK21291,PK21291,https://www.jiaoyimao.com/jg1009207/1724676686471724.html?isGray=true,在售,,2026-06-18 11:09:44,2026-06-18 11:35:37,,,,,,,,,,,,,,,,,,,,,,,,,,,,,,,,,,,,,,,,,,,,,,,,,,,,,,"page.goto: Target page, context or browser has been closed"
1781704483236313,7万多金主满红装备好,2900,成品号,是,九游,2991服 戮力同心/PK21297,PK21297,https://www.jiaoyimao.com/jg1009207/1781704483236313.html?isGray=true,在售,,2026-06-18 11:09:44,2026-06-18 11:35:37,,,,,,,,,,,,,,,,,,,,,,,,,,,,,,,,,,,,,,,,,,,,,,,,,,,,,,"page.goto: Target page, context or browser has been closed"
1781508140284216,藏器鉴时满红四幻神,24666,成品号,是,小米,4331服 不惜躯命/PK25129,PK25129,https://www.jiaoyimao.com/jg1009207/1781508140284216.html?isGray=true,在售,,2026-06-18 11:09:44,2026-06-18 11:35:37,,,,,,,,,,,,,,,,,,,,,,,,,,,,,,,,,,,,,,,,,,,,,,,,,,,,,,"page.goto: Target page, context or browser has been closed"
1779118064385871,物超所值30号开区3000区段,2750,成品号,是,小米,2434服 销声匿迹/PK25162,PK25162,https://www.jiaoyimao.com/jg1009207/1779118064385871.html?isGray=true,在售,,2026-06-18 11:09:44,2026-06-18 11:35:37,,,,,,,,,,,,,,,,,,,,,,,,,,,,,,,,,,,,,,,,,,,,,,,,,,,,,,"page.goto: Target page, context or browser has been closed"
1758643654051500,超级划算捡漏号,1700,成品号,是,九游,3521服 瑕不掩瑜/PK19279,PK19279,https://www.jiaoyimao.com/jg1009207/1758643654051500.html?isGray=true,在售,,2026-06-18 11:09:44,2026-06-18 11:35:37,,,,,,,,,,,,,,,,,,,,,,,,,,,,,,,,,,,,,,,,,,,,,,,,,,,,,,"page.goto: Target page, context or browser has been closed"
1781576521653727,刚九州新赛季,2666,成品号,是,小米,福建1服 鼓浪屿/PK25195,PK25195,https://www.jiaoyimao.com/jg1009207/1781576521653727.html?isGray=true,在售,,2026-06-18 11:09:44,2026-06-18 11:35:37,,,,,,,,,,,,,,,,,,,,,,,,,,,,,,,,,,,,,,,,,,,,,,,,,,,,,,"page.goto: Target page, context or browser has been closed"
1779891592265773,满红麒麟。满红许攸,1666,成品号,是,小米,1011服 声势汹汹/PK25006,PK25006,https://www.jiaoyimao.com/jg1009207/1779891592265773.html?isGray=true,在售,,2026-06-18 11:09:44,2026-06-18 11:35:37,,,,,,,,,,,,,,,,,,,,,,,,,,,,,,,,,,,,,,,,,,,,,,,,,,,,,,"page.goto: Target page, context or browser has been closed"
1781432298592435,有山河令牌，看描述,3055.55,成品号,是,小米,3595服 人中骐骥/PK25064,PK25064,https://www.jiaoyimao.com/jg1009207/1781432298592435.html?isGray=true,在售,,2026-06-18 11:09:44,2026-06-18 11:35:37,,,,,,,,,,,,,,,,,,,,,,,,,,,,,,,,,,,,,,,,,,,,,,,,,,,,,,"page.goto: Target page, context or browser has been closed"
1774056160924350,微瑕疵4幻神,65000,成品号,是,OPPO,2625服 焕然如新/PK25158,PK25158,https://www.jiaoyimao.com/jg1009207/1774056160924350.html?isGray=true,在售,,2026-06-18 11:09:44,2026-06-18 11:35:37,,,,,,,,,,,,,,,,,,,,,,,,,,,,,,,,,,,,,,,,,,,,,,,,,,,,,,"page.goto: Target page, context or browser has been closed"
1781616087120698,雁形慷慨，完美共存,1688,成品号,是,九游,2529服 怡然自乐/PK25166,PK25166,https://www.jiaoyimao.com/jg1009207/1781616087120698.html?isGray=true,在售,,2026-06-18 11:09:44,2026-06-18 11:35:37,,,,,,,,,,,,,,,,,,,,,,,,,,,,,,,,,,,,,,,,,,,,,,,,,,,,,,"page.goto: Target page, context or browser has been closed"
1780327665672542,典藏四红法正，回5300区,1500,成品号,是,九游,3004服 温故知新/PK21301,PK21301,https://www.jiaoyimao.com/jg1009207/1780327665672542.html?isGray=true,在售,,2026-06-18 11:09:44,2026-06-18 11:35:37,,,,,,,,,,,,,,,,,,,,,,,,,,,,,,,,,,,,,,,,,,,,,,,,,,,,,,"page.goto: Target page, context or browser has been closed"
1780653866127204,城意出售不议价,24500,成品号,是,九游,4552服 岳峙渊渟/PK19294,PK19294,https://www.jiaoyimao.com/jg1009207/1780653866127204.html?isGray=true,在售,,2026-06-18 11:09:44,2026-06-18 11:35:37,,,,,,,,,,,,,,,,,,,,,,,,,,,,,,,,,,,,,,,,,,,,,,,,,,,,,,"page.goto: Target page, context or browser has been closed"
1759505966274212,麒麟太尉富贵等满红号,8200,成品号,是,九游,4611服 戎马倥惚/PK25126,PK25126,https://www.jiaoyimao.com/jg1009207/1759505966274212.html?isGray=true,在售,,2026-06-18 11:09:44,2026-06-18 11:35:37,,,,,,,,,,,,,,,,,,,,,,,,,,,,,,,,,,,,,,,,,,,,,,,,,,,,,,"page.goto: Target page, context or browser has been closed"
1781494111655514,小小大汉弓,36000,成品号,是,九游,4575服 刚直不阿/PK25134,PK25134,https://www.jiaoyimao.com/jg1009207/1781494111655514.html?isGray=true,在售,,2026-06-18 11:09:44,2026-06-18 11:35:37,,,,,,,,,,,,,,,,,,,,,,,,,,,,,,,,,,,,,,,,,,,,,,,,,,,,,,"page.goto: Target page, context or browser has been closed"
1775430852211001,黑马富贵北伐麒麟关关丨求贤满,3000,成品号,是,九游,1402服 画地为牢/PK21279,PK21279,https://www.jiaoyimao.com/jg1009207/1775430852211001.html?isGray=true,在售,,2026-06-18 11:09:44,2026-06-18 11:35:37,,,,,,,,,,,,,,,,,,,,,,,,,,,,,,,,,,,,,,,,,,,,,,,,,,,,,,"page.goto: Target page, context or browser has been closed"
1780210417502895,神威沉势雍雅快出山河今了,6666,成品号,是,九游,1363服 鸣鼓攻之/PK25025,PK25025,https://www.jiaoyimao.com/jg1009207/1780210417502895.html?isGray=true,在售,,2026-06-18 11:09:44,2026-06-18 11:35:37,,,,,,,,,,,,,,,,,,,,,,,,,,,,,,,,,,,,,,,,,,,,,,,,,,,,,,"page.goto: Target page, context or browser has been closed"
1775888306143770,满红皇马太尉麒麟三仙吴骑社稷,7888,成品号,是,小米,2767服 皆大欢喜/PK25160,PK25160,https://www.jiaoyimao.com/jg1009207/1775888306143770.html?isGray=true,在售,,2026-06-18 11:09:44,2026-06-18 11:35:37,,,,,,,,,,,,,,,,,,,,,,,,,,,,,,,,,,,,,,,,,,,,,,,,,,,,,,"page.goto: Target page, context or browser has been closed"
1781239125963091,满皇马网红枪渊骑双雍雅神威雄烈,1680,成品号,是,九游,4816服 军行九变/PK25138,PK25138,https://www.jiaoyimao.com/jg1009207/1781239125963091.html?isGray=true,在售,,2026-06-18 11:09:44,2026-06-18 11:35:37,,,,,,,,,,,,,,,,,,,,,,,,,,,,,,,,,,,,,,,,,,,,,,,,,,,,,,"page.goto: Target page, context or browser has been closed"
1781536659093735,满红三仙丨皇马枪丨五谋骑,1888,成品号,是,九游,3668服 海天一色/PK21285,PK21285,https://www.jiaoyimao.com/jg1009207/1781536659093735.html?isGray=true,在售,,2026-06-18 11:09:44,2026-06-18 11:35:37,,,,,,,,,,,,,,,,,,,,,,,,,,,,,,,,,,,,,,,,,,,,,,,,,,,,,,"page.goto: Target page, context or browser has been closed"
1779717363828075,三幻神有藏器和鉴时,29500,成品号,是,九游,争霸75服||东北/PK24173,PK24173,https://www.jiaoyimao.com/jg1009207/1779717363828075.html?isGray=true,在售,,2026-06-18 11:09:44,2026-06-18 11:35:37,,,,,,,,,,,,,,,,,,,,,,,,,,,,,,,,,,,,,,,,,,,,,,,,,,,,,,"page.goto: Target page, context or browser has been closed"
1778855291391642,高红五谋骑,2800,成品号,是,九游,2573服 推诚置腹/PK25164,PK25164,https://www.jiaoyimao.com/jg1009207/1778855291391642.html?isGray=true,在售,,2026-06-18 11:09:44,2026-06-18 11:35:37,,,,,,,,,,,,,,,,,,,,,,,,,,,,,,,,,,,,,,,,,,,,,,,,,,,,,,"page.goto: Target page, context or browser has been closed"
1779790603203142,核心满红多，换游贱卖,2000,成品号,是,小米,879服 如鱼得水/PK19266,PK19266,https://www.jiaoyimao.com/jg1009207/1779790603203142.html?isGray=true,在售,,2026-06-18 11:09:44,2026-06-18 11:35:37,,,,,,,,,,,,,,,,,,,,,,,,,,,,,,,,,,,,,,,,,,,,,,,,,,,,,,"page.goto: Target page, context or browser has been closed"
1779200093244213,要上班了忍痛割了,2400,成品号,是,九游,3805服 如汤沃雪/PK25068,PK25068,https://www.jiaoyimao.com/jg1009207/1779200093244213.html?isGray=true,在售,,2026-06-18 11:09:44,2026-06-18 11:35:37,,,,,,,,,,,,,,,,,,,,,,,,,,,,,,,,,,,,,,,,,,,,,,,,,,,,,,"page.goto: Target page, context or browser has been closed"
1780143027931410,高红双幻神，可区内转4110区,2400,成品号,是,九游,3580服 天公地道/PK25064,PK25064,https://www.jiaoyimao.com/jg1009207/1780143027931410.html?isGray=true,在售,,2026-06-18 11:09:44,2026-06-18 11:35:37,,,,,,,,,,,,,,,,,,,,,,,,,,,,,,,,,,,,,,,,,,,,,,,,,,,,,,"page.goto: Target page, context or browser has been closed"
1745291574226311,慷慨群弓，网红北伐枪皇马枪富贵,2000,成品号,是,小米,4931服 因利乘便/PK25128,PK25128,https://www.jiaoyimao.com/jg1009207/1745291574226311.html?isGray=true,在售,,2026-06-18 11:09:44,2026-06-18 11:35:37,,,,,,,,,,,,,,,,,,,,,,,,,,,,,,,,,,,,,,,,,,,,,,,,,,,,,,"page.goto: Target page, context or browser has been closed"
1766316389336510,满红法关多红满红,7900,成品号,是,小米,656服 斗志昂扬/PK25002,PK25002,https://www.jiaoyimao.com/jg1009207/1766316389336510.html?isGray=true,在售,,2026-06-18 11:09:44,2026-06-18 11:35:37,,,,,,,,,,,,,,,,,,,,,,,,,,,,,,,,,,,,,,,,,,,,,,,,,,,,,,"page.goto: Target page, context or browser has been closed"
1759946189192083,满红慷慨富贵温侯弓，11万金,3999,成品号,是,九游,852服 用计铺谋/PK25022,PK25022,https://www.jiaoyimao.com/jg1009207/1759946189192083.html?isGray=true,在售,,2026-06-18 11:09:44,2026-06-18 11:35:37,,,,,,,,,,,,,,,,,,,,,,,,,,,,,,,,,,,,,,,,,,,,,,,,,,,,,,"page.goto: Target page, context or browser has been closed"
1747873635266177,高红皇马富贵战法全，系统最低价,6100,成品号,是,九游,4467服 老成练达/PK21293,PK21293,https://www.jiaoyimao.com/jg1009207/1747873635266177.html?isGray=true,在售,,2026-06-18 11:09:44,2026-06-18 11:35:37,,,,,,,,,,,,,,,,,,,,,,,,,,,,,,,,,,,,,,,,,,,,,,,,,,,,,,"page.goto: Target page, context or browser has been closed"
1781684983634331,退游，落匪打通令,9000,成品号,是,九游,4956服 阐幽明微/PK25129,PK25129,https://www.jiaoyimao.com/jg1009207/1781684983634331.html?isGray=true,在售,,2026-06-18 11:09:44,2026-06-18 11:35:37,,,,,,,,,,,,,,,,,,,,,,,,,,,,,,,,,,,,,,,,,,,,,,,,,,,,,,"page.goto: Target page, context or browser has been closed"
1781526128453529,干就完了，满红多自己看吧,2000,成品号,是,九游,4001服 繁荣昌盛/PK25056,PK25056,https://www.jiaoyimao.com/jg1009207/1781526128453529.html?isGray=true,在售,,2026-06-18 11:09:44,2026-06-18 11:35:37,,,,,,,,,,,,,,,,,,,,,,,,,,,,,,,,,,,,,,,,,,,,,,,,,,,,,,"page.goto: Target page, context or browser has been closed"
1781738614120019,老A8高红,3300,成品号,是,九游,3680服 蜿蜒起伏/PK21286,PK21286,https://www.jiaoyimao.com/jg1009207/1781738614120019.html?isGray=true,在售,,2026-06-18 11:09:44,2026-06-18 11:35:37,,,,,,,,,,,,,,,,,,,,,,,,,,,,,,,,,,,,,,,,,,,,,,,,,,,,,,"page.goto: Target page, context or browser has been closed"
1781312956194803,四幻神典藏三红貂蝉两红卢植藏器,21800,成品号,是,九游,4521服 河清云庆/PK25129,PK25129,https://www.jiaoyimao.com/jg1009207/1781312956194803.html?isGray=true,在售,,2026-06-18 11:09:44,2026-06-18 11:35:37,,,,,,,,,,,,,,,,,,,,,,,,,,,,,,,,,,,,,,,,,,,,,,,,,,,,,,"page.goto: Target page, context or browser has been closed"
1779884905743832,满配三幻神，微瑕汉弓，双白虎,37000,成品号,是,九游,3313服 抵掌而谈/PK19278,PK19278,https://www.jiaoyimao.com/jg1009207/1779884905743832.html?isGray=true,在售,,2026-06-18 11:09:44,2026-06-18 11:35:37,,,,,,,,,,,,,,,,,,,,,,,,,,,,,,,,,,,,,,,,,,,,,,,,,,,,,,"page.goto: Target page, context or browser has been closed"
1739175902265367,心血号亏本卖,11900,成品号,是,九游,4615服 发策决科/PK19289,PK19289,https://www.jiaoyimao.com/jg1009207/1739175902265367.html?isGray=true,在售,,2026-06-18 11:09:44,2026-06-18 11:35:37,,,,,,,,,,,,,,,,,,,,,,,,,,,,,,,,,,,,,,,,,,,,,,,,,,,,,,"page.goto: Target page, context or browser has been closed"
1781248283033354,满红3幻神，大汉底已成，已霸业,33666,成品号,是,九游,437服 三人成众/PK25003,PK25003,https://www.jiaoyimao.com/jg1009207/1781248283033354.html?isGray=true,在售,,2026-06-18 11:09:44,2026-06-18 11:35:37,,,,,,,,,,,,,,,,,,,,,,,,,,,,,,,,,,,,,,,,,,,,,,,,,,,,,,"page.goto: Target page, context or browser has been closed"
1780789323111020,典藏满红北伐全特技满红多队伍多,2566,成品号,是,九游,1867服 附庸风雅/PK25022,PK25022,https://www.jiaoyimao.com/jg1009207/1780789323111020.html?isGray=true,在售,,2026-06-18 11:09:44,2026-06-18 11:35:37,,,,,,,,,,,,,,,,,,,,,,,,,,,,,,,,,,,,,,,,,,,,,,,,,,,,,,"page.goto: Target page, context or browser has been closed"
1763638522911200,to开荒阵容，极品垫刀号,2666,成品号,是,九游,3809服 奉为圭臬/PK25056,PK25056,https://www.jiaoyimao.com/jg1009207/1763638522911200.html?isGray=true,在售,,2026-06-18 11:09:44,2026-06-18 11:35:37,,,,,,,,,,,,,,,,,,,,,,,,,,,,,,,,,,,,,,,,,,,,,,,,,,,,,,"page.goto: Target page, context or browser has been closed"
1780111851891180,出自己心血号（三幻神）,5388,成品号,是,九游,2574服 物华天宝/PK25178,PK25178,https://www.jiaoyimao.com/jg1009207/1780111851891180.html?isGray=true,在售,,2026-06-18 11:09:44,2026-06-18 11:35:37,,,,,,,,,,,,,,,,,,,,,,,,,,,,,,,,,,,,,,,,,,,,,,,,,,,,,,"page.goto: Target page, context or browser has been closed"
1781451151514344,老a8强度在线，开荒无忧,1600,成品号,是,小米,673服 将遇良才/PK25011,PK25011,https://www.jiaoyimao.com/jg1009207/1781451151514344.html?isGray=true,在售,,2026-06-18 11:09:44,2026-06-18 11:35:37,,,,,,,,,,,,,,,,,,,,,,,,,,,,,,,,,,,,,,,,,,,,,,,,,,,,,,"page.goto: Target page, context or browser has been closed"
1781529247795373,13红富贵，超高红法官,4200,成品号,是,九游,川渝12服 九皇山/PK25199,PK25199,https://www.jiaoyimao.com/jg1009207/1781529247795373.html?isGray=true,在售,,2026-06-18 11:09:44,2026-06-18 11:35:37,,,,,,,,,,,,,,,,,,,,,,,,,,,,,,,,,,,,,,,,,,,,,,,,,,,,,,"page.goto: Target page, context or browser has been closed"
1779998529757006,五谋，典藏貂蝉，吴骑，满红五队,3888,成品号,是,九游,3670服 天高云淡/PK25053,PK25053,https://www.jiaoyimao.com/jg1009207/1779998529757006.html?isGray=true,在售,,2026-06-18 11:09:44,2026-06-18 11:35:37,,,,,,,,,,,,,,,,,,,,,,,,,,,,,,,,,,,,,,,,,,,,,,,,,,,,,,"page.goto: Target page, context or browser has been closed"
1781338793842737,典藏黑马带皮肤,6200,成品号,是,九游,3853服 星光熠熠/PK21286,PK21286,https://www.jiaoyimao.com/jg1009207/1781338793842737.html?isGray=true,在售,,2026-06-18 11:09:44,2026-06-18 11:35:37,,,,,,,,,,,,,,,,,,,,,,,,,,,,,,,,,,,,,,,,,,,,,,,,,,,,,,"page.goto: Target page, context or browser has been closed"
1780458407706349,战功机器，多队满红,5888,成品号,是,九游,4861服 秉持初心/PK21293,PK21293,https://www.jiaoyimao.com/jg1009207/1780458407706349.html?isGray=true,在售,,2026-06-18 11:09:44,2026-06-18 11:35:37,,,,,,,,,,,,,,,,,,,,,,,,,,,,,,,,,,,,,,,,,,,,,,,,,,,,,,"page.goto: Target page, context or browser has been closed"
1780889242055614,急出 ，战法全装备豪华,44500,成品号,是,九游,2991服 戮力同心/PK21296,PK21296,https://www.jiaoyimao.com/jg1009207/1780889242055614.html?isGray=true,在售,,2026-06-18 11:09:44,2026-06-18 11:35:37,,,,,,,,,,,,,,,,,,,,,,,,,,,,,,,,,,,,,,,,,,,,,,,,,,,,,,"page.goto: Target page, context or browser has been closed"
1773066825114635,典满红4幻神4臻皮，典藏清空,52888,成品号,是,小米,830服 折冲万里/PK25008,PK25008,https://www.jiaoyimao.com/jg1009207/1773066825114635.html?isGray=true,在售,,2026-06-18 11:09:44,2026-06-18 11:35:37,,,,,,,,,,,,,,,,,,,,,,,,,,,,,,,,,,,,,,,,,,,,,,,,,,,,,,"page.goto: Target page, context or browser has been closed"
1773688129357002,无惧白虎城皮三幻神,36888,成品号,是,九游,5335服 下交不渎/PK20348,PK20348,https://www.jiaoyimao.com/jg1009207/1773688129357002.html?isGray=true,在售,,2026-06-18 11:09:44,2026-06-18 11:35:37,,,,,,,,,,,,,,,,,,,,,,,,,,,,,,,,,,,,,,,,,,,,,,,,,,,,,,"page.goto: Target page, context or browser has been closed"
1781522631743602,挂猫出橙了,2800,成品号,是,九游,2521服 庄周梦蝶/PK25178,PK25178,https://www.jiaoyimao.com/jg1009207/1781522631743602.html?isGray=true,在售,,2026-06-18 11:09:44,2026-06-18 11:35:37,,,,,,,,,,,,,,,,,,,,,,,,,,,,,,,,,,,,,,,,,,,,,,,,,,,,,,"page.goto: Target page, context or browser has been closed"
1779762182423743,白虎满红皇马金珠2万,3888,成品号,是,九游,云贵6服 虎跳峡/PK24184,PK24184,https://www.jiaoyimao.com/jg1009207/1779762182423743.html?isGray=true,在售,,2026-06-18 11:09:44,2026-06-18 11:35:37,,,,,,,,,,,,,,,,,,,,,,,,,,,,,,,,,,,,,,,,,,,,,,,,,,,,,,"page.goto: Target page, context or browser has been closed"
1768668513944435,黑马富贵双幻神双SP曹,1088,成品号,是,九游,2971服 刚柔并济/PK25164,PK25164,https://www.jiaoyimao.com/jg1009207/1768668513944435.html?isGray=true,在售,,2026-06-18 11:09:44,2026-06-18 11:35:37,,,,,,,,,,,,,,,,,,,,,,,,,,,,,,,,,,,,,,,,,,,,,,,,,,,,,,"page.goto: Target page, context or browser has been closed"
1780296092765711,顶配双特技皇马装备11将作残卷,6800,成品号,是,九游,2280服 摩肩接踵/PK25158,PK25158,https://www.jiaoyimao.com/jg1009207/1780296092765711.html?isGray=true,在售,,2026-06-18 11:09:44,2026-06-18 11:35:37,,,,,,,,,,,,,,,,,,,,,,,,,,,,,,,,,,,,,,,,,,,,,,,,,,,,,,"page.goto: Target page, context or browser has been closed"
1760763719804340,性价比高红号，战功利器，底子好,2350,成品号,是,九游,5008服 宝刀不老/PK25135,PK25135,https://www.jiaoyimao.com/jg1009207/1760763719804340.html?isGray=true,在售,,2026-06-18 11:09:44,2026-06-18 11:35:37,,,,,,,,,,,,,,,,,,,,,,,,,,,,,,,,,,,,,,,,,,,,,,,,,,,,,,"page.goto: Target page, context or browser has been closed"
1780842183899598,三幻神大汉底子八队满红高红共存,5500,成品号,是,九游,4005服 蹈厉奋发/PK25055,PK25055,https://www.jiaoyimao.com/jg1009207/1780842183899598.html?isGray=true,在售,,2026-06-18 11:09:44,2026-06-18 11:35:37,,,,,,,,,,,,,,,,,,,,,,,,,,,,,,,,,,,,,,,,,,,,,,,,,,,,,,"page.goto: Target page, context or browser has been closed"
1779186418909965,满红皇马高红法官五雷三势装备多,4880,成品号,是,九游,3900服 气势恢宏/PK25066,PK25066,https://www.jiaoyimao.com/jg1009207/1779186418909965.html?isGray=true,在售,,2026-06-18 11:09:44,2026-06-18 11:35:37,,,,,,,,,,,,,,,,,,,,,,,,,,,,,,,,,,,,,,,,,,,,,,,,,,,,,,"page.goto: Target page, context or browser has been closed"
1781171375891621,马岱三幻神带汉弓底子,30600,成品号,是,九游,2742服 实事求是/PK25159,PK25159,https://www.jiaoyimao.com/jg1009207/1781171375891621.html?isGray=true,在售,,2026-06-18 11:09:44,2026-06-18 11:35:37,,,,,,,,,,,,,,,,,,,,,,,,,,,,,,,,,,,,,,,,,,,,,,,,,,,,,,"page.goto: Target page, context or browser has been closed"
1767671950976862,15赛季高满三幻神可议价,17400,成品号,是,OPPO,4270服 来鸿去燕/PK25126,PK25126,https://www.jiaoyimao.com/jg1009207/1767671950976862.html?isGray=true,在售,,2026-06-18 11:09:44,2026-06-18 11:35:37,,,,,,,,,,,,,,,,,,,,,,,,,,,,,,,,,,,,,,,,,,,,,,,,,,,,,,"page.goto: Target page, context or browser has been closed"
1775783383706740,别大刀，两个月的大小月卡,1600,成品号,是,九游,争霸214服||河南/PK19273,PK19273,https://www.jiaoyimao.com/jg1009207/1775783383706740.html?isGray=true,在售,,2026-06-18 11:09:44,2026-06-18 11:35:37,,,,,,,,,,,,,,,,,,,,,,,,,,,,,,,,,,,,,,,,,,,,,,,,,,,,,,"page.goto: Target page, context or browser has been closed"
1771699445054006,皇马富贵等七队,5000,成品号,是,九游,4652服 攒眉向月/PK25140,PK25140,https://www.jiaoyimao.com/jg1009207/1771699445054006.html?isGray=true,在售,,2026-06-18 11:09:44,2026-06-18 11:35:37,,,,,,,,,,,,,,,,,,,,,,,,,,,,,,,,,,,,,,,,,,,,,,,,,,,,,,"page.goto: Target page, context or browser has been closed"
1780313747139547,满红老a8，法官底子号,4088,成品号,是,小米,3719服 龙精虎猛/PK21285,PK21285,https://www.jiaoyimao.com/jg1009207/1780313747139547.html?isGray=true,在售,,2026-06-18 11:09:44,2026-06-18 11:35:37,,,,,,,,,,,,,,,,,,,,,,,,,,,,,,,,,,,,,,,,,,,,,,,,,,,,,,"page.goto: Target page, context or browser has been closed"
1780541195667120,满红典藏皇马,6200,成品号,是,小米,885服 器宇轩昂/PK25006,PK25006,https://www.jiaoyimao.com/jg1009207/1780541195667120.html?isGray=true,在售,,2026-06-18 11:09:44,2026-06-18 11:35:37,,,,,,,,,,,,,,,,,,,,,,,,,,,,,,,,,,,,,,,,,,,,,,,,,,,,,,"page.goto: Target page, context or browser has been closed"
1780629873951549,三幻神，装备齐全，属性高,6200,成品号,是,九游,2625服 焕然如新/PK25158,PK25158,https://www.jiaoyimao.com/jg1009207/1780629873951549.html?isGray=true,在售,,2026-06-18 11:09:44,2026-06-18 11:35:37,,,,,,,,,,,,,,,,,,,,,,,,,,,,,,,,,,,,,,,,,,,,,,,,,,,,,,"page.goto: Target page, context or browser has been closed"
1765637007104195,只差一发典藏黑马,7700,成品号,是,九游,3592服 踔绝之能/PK25065,PK25065,https://www.jiaoyimao.com/jg1009207/1765637007104195.html?isGray=true,在售,,2026-06-18 11:09:44,2026-06-18 11:35:37,,,,,,,,,,,,,,,,,,,,,,,,,,,,,,,,,,,,,,,,,,,,,,,,,,,,,,"page.goto: Target page, context or browser has been closed"
1763005144504394,满红sp马超皇马藏私法官,6000,成品号,是,九游,4395服 清新俊逸/PK25128,PK25128,https://www.jiaoyimao.com/jg1009207/1763005144504394.html?isGray=true,在售,,2026-06-18 11:09:44,2026-06-18 11:35:37,,,,,,,,,,,,,,,,,,,,,,,,,,,,,,,,,,,,,,,,,,,,,,,,,,,,,,"page.goto: Target page, context or browser has been closed"
1775062664276886,三幻神，能大跨到5000区段,19999,成品号,是,九游,3587服 和衷共济/PK25053,PK25053,https://www.jiaoyimao.com/jg1009207/1775062664276886.html?isGray=true,在售,,2026-06-18 11:09:44,2026-06-18 11:35:37,,,,,,,,,,,,,,,,,,,,,,,,,,,,,,,,,,,,,,,,,,,,,,,,,,,,,,"page.goto: Target page, context or browser has been closed"
1777703603701956,sp周瑜张飞张角甘宁满红典卢植,1888,成品号,是,九游,五周年6服 道此一游/PK25114,PK25114,https://www.jiaoyimao.com/jg1009207/1777703603701956.html?isGray=true,在售,,2026-06-18 11:35:37,2026-06-18 11:35:37,,,,,,,,,,,,,,,,,,,,,,,,,,,,,,,,,,,,,,,,,,,,,,,,,,,,,,"page.goto: Target page, context or browser has been closed"
1768421357922025,奸雄剑，装备好，有大跨,4300,成品号,是,九游,3963服 苍松翠柏/PK25059,PK25059,https://www.jiaoyimao.com/jg1009207/1768421357922025.html?isGray=true,在售,,2026-06-18 11:35:37,2026-06-18 11:35:37,,,,,,,,,,,,,,,,,,,,,,,,,,,,,,,,,,,,,,,,,,,,,,,,,,,,,,"page.goto: Target page, context or browser has been closed"
1781751790220618,典藏拒马弓技能全,11000,成品号,是,九游,3405服 疏宕不拘/PK25091,PK25091,https://www.jiaoyimao.com/jg1009207/1781751790220618.html?isGray=true,在售,,2026-06-18 11:35:37,2026-06-18 11:35:37,,,,,,,,,,,,,,,,,,,,,,,,,,,,,,,,,,,,,,,,,,,,,,,,,,,,,,"page.goto: Target page, context or browser has been closed"
1781268199023675,满藏器法官太尉大汉弓麒麟嘟嘟等,2199,成品号,是,OPPO,3501服 栉比鳞次/PK19281,PK19281,https://www.jiaoyimao.com/jg1009207/1781268199023675.html?isGray=true,在售,,2026-06-18 11:35:37,2026-06-18 11:35:37,,,,,,,,,,,,,,,,,,,,,,,,,,,,,,,,,,,,,,,,,,,,,,,,,,,,,,"page.goto: Target page, context or browser has been closed"
1781690416153938,满红温厚核弹张老周瑜,1899,成品号,是,小米,3011服 有志之士/PK25179,PK25179,https://www.jiaoyimao.com/jg1009207/1781690416153938.html?isGray=true,在售,,2026-06-18 11:35:37,2026-06-18 11:35:37,,,,,,,,,,,,,,,,,,,,,,,,,,,,,,,,,,,,,,,,,,,,,,,,,,,,,,"page.goto: Target page, context or browser has been closed"
1740389102929405,不卖挂着玩儿,1888,成品号,是,九游,五周年19服 大汉天下/PK25114,PK25114,https://www.jiaoyimao.com/jg1009207/1740389102929405.html?isGray=true,在售,,2026-06-18 11:35:37,2026-06-18 11:35:37,,,,,,,,,,,,,,,,,,,,,,,,,,,,,,,,,,,,,,,,,,,,,,,,,,,,,,"page.goto: Target page, context or browser has been closed"
1773281869731796,求贤满，有车费,3188,成品号,是,九游,3313服 抵掌而谈/PK19278,PK19278,https://www.jiaoyimao.com/jg1009207/1773281869731796.html?isGray=true,在售,,2026-06-18 11:35:37,2026-06-18 11:35:37,,,,,,,,,,,,,,,,,,,,,,,,,,,,,,,,,,,,,,,,,,,,,,,,,,,,,,"page.goto: Target page, context or browser has been closed"
1781514335128597,洗洗洗洗洗,3998,成品号,是,九游,4211服 首善之区/PK19290,PK19290,https://www.jiaoyimao.com/jg1009207/1781514335128597.html?isGray=true,在售,,2026-06-18 11:35:37,2026-06-18 11:35:37,,,,,,,,,,,,,,,,,,,,,,,,,,,,,,,,,,,,,,,,,,,,,,,,,,,,,,"page.goto: Target page, context or browser has been closed"
1775791868075588,4幻神典藏底子号法官，大汉弓,1890,成品号,是,九游,832服 智名勇功/PK21277,PK21277,https://www.jiaoyimao.com/jg1009207/1775791868075588.html?isGray=true,在售,,2026-06-18 11:35:37,2026-06-18 11:35:37,,,,,,,,,,,,,,,,,,,,,,,,,,,,,,,,,,,,,,,,,,,,,,,,,,,,,,"page.goto: Target page, context or browser has been closed"
1775786888558512,自己看吃掉的卡,1000,成品号,是,九游,1718服 峰回路转/PK25023,PK25023,https://www.jiaoyimao.com/jg1009207/1775786888558512.html?isGray=true,在售,,2026-06-18 11:35:37,2026-06-18 11:35:37,,,,,,,,,,,,,,,,,,,,,,,,,,,,,,,,,,,,,,,,,,,,,,,,,,,,,,"page.goto: Target page, context or browser has been closed"
1781453193105144,速出 可以议价 重塑全是核心,1688,成品号,是,九游,3606服 西凉霸雄/PK25067,PK25067,https://www.jiaoyimao.com/jg1009207/1781453193105144.html?isGray=true,在售,,2026-06-18 11:35:37,2026-06-18 11:35:37,,,,,,,,,,,,,,,,,,,,,,,,,,,,,,,,,,,,,,,,,,,,,,,,,,,,,,"page.goto: Target page, context or browser has been closed"
1780137152079299,王道满典大汉弓,66000,成品号,是,九游,2526服 负重致远/PK25157,PK25157,https://www.jiaoyimao.com/jg1009207/1780137152079299.html?isGray=true,在售,,2026-06-18 11:35:37,2026-06-18 11:35:37,,,,,,,,,,,,,,,,,,,,,,,,,,,,,,,,,,,,,,,,,,,,,,,,,,,,,,"page.goto: Target page, context or browser has been closed"
1781334717082575,满红带皮都督关关张，大刀勿扰,1888,成品号,是,OPPO,2862服 无微不至/PK21300,PK21300,https://www.jiaoyimao.com/jg1009207/1781334717082575.html?isGray=true,在售,,2026-06-18 11:35:37,2026-06-18 11:35:37,,,,,,,,,,,,,,,,,,,,,,,,,,,,,,,,,,,,,,,,,,,,,,,,,,,,,,"page.goto: Target page, context or browser has been closed"
1781489502564297,满典三仙网红枪群弓虎臣太尉,1500,成品号,是,九游,3588服 众擎易举/PK25058,PK25058,https://www.jiaoyimao.com/jg1009207/1781489502564297.html?isGray=true,在售,,2026-06-18 11:35:37,2026-06-18 11:35:37,,,,,,,,,,,,,,,,,,,,,,,,,,,,,,,,,,,,,,,,,,,,,,,,,,,,,,"page.goto: Target page, context or browser has been closed"
1781147081778015,求贤满红关羽高红四队，多队可搭,1200,成品号,是,九游,3570服 不矜不伐/PK21285,PK21285,https://www.jiaoyimao.com/jg1009207/1781147081778015.html?isGray=true,在售,,2026-06-18 11:35:37,2026-06-18 11:35:37,,,,,,,,,,,,,,,,,,,,,,,,,,,,,,,,,,,,,,,,,,,,,,,,,,,,,,"page.goto: Target page, context or browser has been closed"
1781649002451002,三幻神全满红老A8,20200,成品号,是,OPPO,1971服 酣畅淋漓/PK25156,PK25156,https://www.jiaoyimao.com/jg1009207/1781649002451002.html?isGray=true,在售,,2026-06-18 11:35:37,2026-06-18 11:35:37,,,,,,,,,,,,,,,,,,,,,,,,,,,,,,,,,,,,,,,,,,,,,,,,,,,,,,"page.goto: Target page, context or browser has been closed"
1778991465730828,挂猫橙多多,4388,成品号,是,九游,5172服 功唐不捐/PK25093,PK25093,https://www.jiaoyimao.com/jg1009207/1778991465730828.html?isGray=true,在售,,2026-06-18 11:35:37,2026-06-18 11:35:37,,,,,,,,,,,,,,,,,,,,,,,,,,,,,,,,,,,,,,,,,,,,,,,,,,,,,,"page.goto: Target page, context or browser has been closed"
1774601131815160,激情打架中,1200,成品号,是,九游,2837服 老骥伏枥/PK25171,PK25171,https://www.jiaoyimao.com/jg1009207/1774601131815160.html?isGray=true,在售,,2026-06-18 11:35:37,2026-06-18 11:35:37,,,,,,,,,,,,,,,,,,,,,,,,,,,,,,,,,,,,,,,,,,,,,,,,,,,,,,"page.goto: Target page, context or browser has been closed"
1781676488107483,三幻神霸业号六万珠,10888,成品号,是,九游,1272服 民生国计/PK25024,PK25024,https://www.jiaoyimao.com/jg1009207/1781676488107483.html?isGray=true,在售,,2026-06-18 11:35:37,2026-06-18 11:35:37,,,,,,,,,,,,,,,,,,,,,,,,,,,,,,,,,,,,,,,,,,,,,,,,,,,,,,"page.goto: Target page, context or browser has been closed"
1780313177077997,三幻神带霸业白虎主城皮,22888,成品号,是,九游,5032服 善善从长/PK19289,PK19289,https://www.jiaoyimao.com/jg1009207/1780313177077997.html?isGray=true,在售,,2026-06-18 11:35:37,2026-06-18 11:35:37,,,,,,,,,,,,,,,,,,,,,,,,,,,,,,,,,,,,,,,,,,,,,,,,,,,,,,"page.goto: Target page, context or browser has been closed"
1773207820378787,顶配富贵骑权骑皇马法官,1200,成品号,是,九游,3563服 扪心无愧/PK25066,PK25066,https://www.jiaoyimao.com/jg1009207/1773207820378787.html?isGray=true,在售,,2026-06-18 11:35:37,2026-06-18 11:35:37,,,,,,,,,,,,,,,,,,,,,,,,,,,,,,,,,,,,,,,,,,,,,,,,,,,,,,"page.goto: Target page, context or browser has been closed"
1758376369857364,弃坑了多队满红高红,1999,成品号,是,九游,547服 汉室末胄/PK25042,PK25042,https://www.jiaoyimao.com/jg1009207/1758376369857364.html?isGray=true,在售,,2026-06-18 11:35:37,2026-06-18 11:35:37,,,,,,,,,,,,,,,,,,,,,,,,,,,,,,,,,,,,,,,,,,,,,,,,,,,,,,"page.goto: Target page, context or browser has been closed"
1780659294853405,三幻神，2.5k出,6800,成品号,是,九游,3592服 踔绝之能/PK25054,PK25054,https://www.jiaoyimao.com/jg1009207/1780659294853405.html?isGray=true,在售,,2026-06-18 11:35:37,2026-06-18 11:35:37,,,,,,,,,,,,,,,,,,,,,,,,,,,,,,,,,,,,,,,,,,,,,,,,,,,,,,"page.goto: Target page, context or browser has been closed"
1781409961694771,大汉弓，四幻神，老A8满红号,15300,成品号,是,OPPO,4298服 旷日持久/PK25135,PK25135,https://www.jiaoyimao.com/jg1009207/1781409961694771.html?isGray=true,在售,2026-06-18 10:59:31,2026-06-18 11:09:44,2026-06-18 11:09:44,1222,52,122,167,111,75,49,典藏0红,典藏4红,典藏1红,典藏4红,典藏3红,典藏0红,2红,典藏3红,典藏4红,3红,典藏4红,典藏0红,4红,5红,典藏0红,1红,0红,5红,典藏5红,5红,典藏2红,典藏5红,5红,0红,5红,典藏5红,0红,0,5红,典藏5红,典藏5红,典藏5红,典藏5红,0,0红,典藏5红,典藏5红,典藏5红,5红,5红,典藏5红,典藏1红,5红,典藏2红,"刚柔并济,藏器待时","御策,回元,破势,奇算","page.goto: Target page, context or browser has been closed"
1729007099089681,王道暴躁双特辽姬全典太尉,20000,成品号,是,九游,3879服 花天锦地/PK25059,PK25059,https://www.jiaoyimao.com/jg1009207/1729007099089681.html?isGray=true,在售,2026-06-17 11:12:35,2026-06-18 11:09:44,2026-06-18 11:09:44,17001,97,98,167,165,122,48,0,0,0,2红,0红,1红,1红,0红,2红,0红,4红,典藏5红,1红,0红,典藏5红,1红,0红,典藏2红,4红,1红,典藏5红,典藏5红,1红,0红,0红,4红,4红,典藏1红,5红,典藏2红,典藏3红,5红,5红,0红,典藏5红,典藏2红,典藏3红,0红,2红,3红,3红,5红,3红,典藏5红,"桃园结义,深藏若虚,勠力同心,刚柔并济,鱼鳞阵,藏器待时,鉴时审势,婴城自守","御策,治军,破势,奇算","page.goto: Target page, context or browser has been closed"
1781672237856346,高满皇马，五谋骑，议价给,1166,成品号,是,九游,4569服 幕燕鼎鱼/PK19294,PK19294,https://www.jiaoyimao.com/jg1009207/1781672237856346.html?isGray=true,在售,2026-06-18 10:22:36,2026-06-18 11:09:44,2026-06-18 11:09:44,599,21,85,74,69,49,22,0红,0,0,0,0,0,0红,典藏3红,0红,3红,典藏5红,典藏3红,0,0,0,0,0红,1红,0,0,典藏3红,0,0,0,1红,3红,0,0红,0红,0,0红,0,0,0,1红,0红,典藏5红,0红,0,0红,0,0,0,典藏3红,"桃园结义,深藏若虚,雁行阵,勠力同心,刚柔并济,藏器待时,鉴时审势,守望相助","御策,治军,回元,破势,奇算","page.goto: Target page, context or browser has been closed"
1761608606778031,高满四幻神，全典藏大汉弓,41999,成品号,是,OPPO,2655服 嘘寒问暖/PK25157,PK25157,https://www.jiaoyimao.com/jg1009207/1761608606778031.html?isGray=true,在售,,2026-06-18 11:09:44,2026-06-18 11:09:44,,,,,,,,,,,,,,,,,,,,,,,,,,,,,,,,,,,,,,,,,,,,,,,,,,,,,,"page.goto: Target page, context or browser has been closed"
1781050060817179,满红皇马枪,1888,成品号,是,九游,3316服 辗转反侧/PK25081,PK25081,https://www.jiaoyimao.com/jg1009207/1781050060817179.html?isGray=true,在售,,2026-06-18 11:09:44,2026-06-18 11:09:44,,,,,,,,,,,,,,,,,,,,,,,,,,,,,,,,,,,,,,,,,,,,,,,,,,,,,,"page.goto: Target page, context or browser has been closed"
1777097937271190,15赛季霸业号，多满红高红,3500,成品号,是,小米,4709服 大是大非/PK25133,PK25133,https://www.jiaoyimao.com/jg1009207/1777097937271190.html?isGray=true,在售,,2026-06-18 11:09:44,2026-06-18 11:09:44,,,,,,,,,,,,,,,,,,,,,,,,,,,,,,,,,,,,,,,,,,,,,,,,,,,,,,"page.goto: Target page, context or browser has been closed"
1781443346908989,满配三红典藏sp关羽,1200,成品号,是,九游,5355服 超逸特出/PK25216,PK25216,https://www.jiaoyimao.com/jg1009207/1781443346908989.html?isGray=true,在售,,2026-06-18 11:09:44,2026-06-18 11:09:44,,,,,,,,,,,,,,,,,,,,,,,,,,,,,,,,,,,,,,,,,,,,,,,,,,,,,,"page.goto: Target page, context or browser has been closed"
1771686813198159,肚子里有还有货,2488,成品号,是,九游,5623服 其乐不穷/PK25070,PK25070,https://www.jiaoyimao.com/jg1009207/1771686813198159.html?isGray=true,在售,,2026-06-18 11:09:44,2026-06-18 11:09:44,,,,,,,,,,,,,,,,,,,,,,,,,,,,,,,,,,,,,,,,,,,,,,,,,,,,,,"page.goto: Target page, context or browser has been closed"
1781409394073099,超新区大汉法关底子号带藏器,10000,成品号,是,九游,5755服 日试万言/PK25100,PK25100,https://www.jiaoyimao.com/jg1009207/1781409394073099.html?isGray=true,在售,,2026-06-18 11:09:44,2026-06-18 11:09:44,,,,,,,,,,,,,,,,,,,,,,,,,,,,,,,,,,,,,,,,,,,,,,,,,,,,,,"page.goto: Target page, context or browser has been closed"
1775848311911010,全满三幻神，细节决定成败,25666,成品号,是,九游,4615服 发策决科/PK19289,PK19289,https://www.jiaoyimao.com/jg1009207/1775848311911010.html?isGray=true,在售,,2026-06-18 11:09:44,2026-06-18 11:09:44,,,,,,,,,,,,,,,,,,,,,,,,,,,,,,,,,,,,,,,,,,,,,,,,,,,,,,"page.goto: Target page, context or browser has been closed"
1771324226760942,自己来看吧,2000,成品号,是,九游,5607服 虎超龙骧/PK25121,PK25121,https://www.jiaoyimao.com/jg1009207/1771324226760942.html?isGray=true,在售,,2026-06-18 11:09:44,2026-06-18 11:09:44,,,,,,,,,,,,,,,,,,,,,,,,,,,,,,,,,,,,,,,,,,,,,,,,,,,,,,"page.goto: Target page, context or browser has been closed"
1727764762207289,挂猫出橙，挂猫出金,3888,成品号,是,九游,4318服 天水麒麟/PK21292,PK21292,https://www.jiaoyimao.com/jg1009207/1727764762207289.html?isGray=true,在售,,2026-06-18 11:09:44,2026-06-18 11:09:44,,,,,,,,,,,,,,,,,,,,,,,,,,,,,,,,,,,,,,,,,,,,,,,,,,,,,,"page.goto: Target page, context or browser has been closed"
1776863521704968,满红皇马富贵有鉴时新战法！,5000,成品号,是,小米,3570服 不矜不伐/PK21285,PK21285,https://www.jiaoyimao.com/jg1009207/1776863521704968.html?isGray=true,在售,,2026-06-18 11:09:44,2026-06-18 11:09:44,,,,,,,,,,,,,,,,,,,,,,,,,,,,,,,,,,,,,,,,,,,,,,,,,,,,,,"page.goto: Target page, context or browser has been closed"
1779605347597679,微瑕三幻神有求贤有藏器可换吉运,17000,成品号,是,OPPO,656服 斗志昂扬/PK25002,PK25002,https://www.jiaoyimao.com/jg1009207/1779605347597679.html?isGray=true,在售,,2026-06-18 11:09:44,2026-06-18 11:09:44,,,,,,,,,,,,,,,,,,,,,,,,,,,,,,,,,,,,,,,,,,,,,,,,,,,,,,"page.goto: Target page, context or browser has been closed"
1780999760570797,高红黑皇马、五谋、法官、汉弓,3666,成品号,是,小米,834服 佐国之谋/PK25028,PK25028,https://www.jiaoyimao.com/jg1009207/1780999760570797.html?isGray=true,在售,,2026-06-18 11:09:44,2026-06-18 11:09:44,,,,,,,,,,,,,,,,,,,,,,,,,,,,,,,,,,,,,,,,,,,,,,,,,,,,,,"page.goto: Target page, context or browser has been closed"
1777542655584356,高红号  郊区体验好,3200,成品号,是,九游,4363服 机敏巧变/PK25139,PK25139,https://www.jiaoyimao.com/jg1009207/1777542655584356.html?isGray=true,在售,,2026-06-18 11:09:44,2026-06-18 11:09:44,,,,,,,,,,,,,,,,,,,,,,,,,,,,,,,,,,,,,,,,,,,,,,,,,,,,,,"page.goto: Target page, context or browser has been closed"
1779623474397705,激战中，帅是一辈子的事,3200,成品号,是,九游,2655服 嘘寒问暖/PK25157,PK25157,https://www.jiaoyimao.com/jg1009207/1779623474397705.html?isGray=true,在售,,2026-06-18 11:09:44,2026-06-18 11:09:44,,,,,,,,,,,,,,,,,,,,,,,,,,,,,,,,,,,,,,,,,,,,,,,,,,,,,,"page.goto: Target page, context or browser has been closed"
1779537699951727,皇马法官满红权骑快求贤,3688,成品号,是,OPPO,3528服 威风八面/PK25079,PK25079,https://www.jiaoyimao.com/jg1009207/1779537699951727.html?isGray=true,在售,,2026-06-18 11:09:44,2026-06-18 11:09:44,,,,,,,,,,,,,,,,,,,,,,,,,,,,,,,,,,,,,,,,,,,,,,,,,,,,,,"page.goto: Target page, context or browser has been closed"
1753173698299606,满配黑马超便宜出,3456,成品号,是,九游,1823服 神融气泰/PK25017,PK25017,https://www.jiaoyimao.com/jg1009207/1753173698299606.html?isGray=true,在售,,2026-06-18 11:09:44,2026-06-18 11:09:44,,,,,,,,,,,,,,,,,,,,,,,,,,,,,,,,,,,,,,,,,,,,,,,,,,,,,,"page.goto: Target page, context or browser has been closed"
1776783327083658,激战中。随缘出,18000,成品号,是,小米,2805服 永垂不朽/PK25158,PK25158,https://www.jiaoyimao.com/jg1009207/1776783327083658.html?isGray=true,在售,,2026-06-18 11:09:44,2026-06-18 11:09:44,,,,,,,,,,,,,,,,,,,,,,,,,,,,,,,,,,,,,,,,,,,,,,,,,,,,,,"page.goto: Target page, context or browser has been closed"